#include "runtime/fonts/font_5x7.h"

static const u8 Font5x7_Glyphs[] = {
    0x00, 0xa8, 0x00, 0x88, 0x00, 0xa8, 0x00, 0x00, 0x00, 0x00, 0x00, 0x00,
    0x00, 0x00, 0x20, 0x20, 0x20, 0x20, 0x00, 0x20, 0x00, 0x50, 0x50, 0x50,
    0x00, 0x00, 0x00, 0x00, 0x00, 0x50, 0xf8, 0x50, 0xf8, 0x50, 0x00, 0x00,
    0x70, 0xa0, 0x70, 0x28, 0x70, 0x00, 0x80, 0x90, 0x20, 0x40, 0x90, 0x10,
    0x00, 0x00, 0x40, 0xa0, 0x40, 0xa0, 0x50, 0x00, 0x20, 0x20, 0x20, 0x00,
    0x00, 0x00, 0x00, 0x20, 0x40, 0x40, 0x40, 0x40, 0x20, 0x00, 0x40, 0x20,
    0x20, 0x20, 0x20, 0x40, 0x00, 0x00, 0x50, 0x20, 0x70, 0x20, 0x50, 0x00,
    0x00, 0x20, 0x20, 0xf8, 0x20, 0x20, 0x00, 0x00, 0x00, 0x00, 0x00, 0x30,
    0x20, 0x40, 0x00, 0x00, 0x00, 0xf0, 0x00, 0x00, 0x00, 0x00, 0x00, 0x00,
    0x00, 0x60, 0x60, 0x00, 0x00, 0x10, 0x20, 0x40, 0x80, 0x00, 0x00, 0x20,
    0x50, 0x50, 0x50, 0x50, 0x20, 0x00, 0x20, 0x60, 0x20, 0x20, 0x20, 0x70,
    0x00, 0x60, 0x90, 0x10, 0x20, 0x40, 0xf0, 0x00, 0xf0, 0x10, 0x60, 0x10,
    0x90, 0x60, 0x00, 0x20, 0x60, 0xa0, 0xf0, 0x20, 0x20, 0x00, 0xf0, 0x80,
    0xe0, 0x10, 0x90, 0x60, 0x00, 0x60, 0x80, 0xe0, 0x90, 0x90, 0x60, 0x00,
    0xf0, 0x10, 0x20, 0x20, 0x40, 0x40, 0x00, 0x60, 0x90, 0x60, 0x90, 0x90,
    0x60, 0x00, 0x60, 0x90, 0x90, 0x70, 0x10, 0x60, 0x00, 0x00, 0x60, 0x60,
    0x00, 0x60, 0x60, 0x00, 0x00, 0x60, 0x60, 0x00, 0x60, 0x40, 0x80, 0x00,
    0x10, 0x20, 0x40, 0x20, 0x10, 0x00, 0x00, 0x00, 0xf0, 0x00, 0xf0, 0x00,
    0x00, 0x00, 0x40, 0x20, 0x10, 0x20, 0x40, 0x00, 0x20, 0x50, 0x10, 0x20,
    0x00, 0x20, 0x00, 0x60, 0x90, 0xb0, 0xb0, 0x80, 0x60, 0x00, 0x60, 0x90,
    0x90, 0xf0, 0x90, 0x90, 0x00, 0xe0, 0x90, 0xe0, 0x90, 0x90, 0xe0, 0x00,
    0x60, 0x90, 0x80, 0x80, 0x90, 0x60, 0x00, 0xe0, 0x90, 0x90, 0x90, 0x90,
    0xe0, 0x00, 0xf0, 0x80, 0xe0, 0x80, 0x80, 0xf0, 0x00, 0xf0, 0x80, 0xe0,
    0x80, 0x80, 0x80, 0x00, 0x60, 0x90, 0x80, 0xb0, 0x90, 0x70, 0x00, 0x90,
    0x90, 0xf0, 0x90, 0x90, 0x90, 0x00, 0x70, 0x20, 0x20, 0x20, 0x20, 0x70,
    0x00, 0x10, 0x10, 0x10, 0x10, 0x90, 0x60, 0x00, 0x90, 0xa0, 0xc0, 0xc0,
    0xa0, 0x90, 0x00, 0x80, 0x80, 0x80, 0x80, 0x80, 0xf0, 0x00, 0x90, 0xf0,
    0xf0, 0x90, 0x90, 0x90, 0x00, 0x90, 0xd0, 0xd0, 0xb0, 0xb0, 0x90, 0x00,
    0x60, 0x90, 0x90, 0x90, 0x90, 0x60, 0x00, 0xe0, 0x90, 0x90, 0xe0, 0x80,
    0x80, 0x00, 0x60, 0x90, 0x90, 0x90, 0xd0, 0x60, 0x10, 0xe0, 0x90, 0x90,
    0xe0, 0xa0, 0x90, 0x00, 0x60, 0x90, 0x40, 0x20, 0x90, 0x60, 0x00, 0x70,
    0x20, 0x20, 0x20, 0x20, 0x20, 0x00, 0x90, 0x90, 0x90, 0x90, 0x90, 0x60,
    0x00, 0x90, 0x90, 0x90, 0x90, 0x60, 0x60, 0x00, 0x90, 0x90, 0x90, 0xf0,
    0xf0, 0x90, 0x00, 0x90, 0x90, 0x60, 0x60, 0x90, 0x90, 0x00, 0x50, 0x50,
    0x50, 0x20, 0x20, 0x20, 0x00, 0xf0, 0x10, 0x20, 0x40, 0x80, 0xf0, 0x00,
    0x70, 0x40, 0x40, 0x40, 0x40, 0x70, 0x00, 0x00, 0x80, 0x40, 0x20, 0x10,
    0x00, 0x00, 0x70, 0x10, 0x10, 0x10, 0x10, 0x70, 0x00, 0x20, 0x50, 0x00,
    0x00, 0x00, 0x00, 0x00, 0x00, 0x00, 0x00, 0x00, 0x00, 0xf0, 0x00, 0x40,
    0x20, 0x00, 0x00, 0x00, 0x00, 0x00, 0x00, 0x00, 0x70, 0x90, 0xb0, 0x50,
    0x00, 0x80, 0x80, 0xe0, 0x90, 0x90, 0xe0, 0x00, 0x00, 0x00, 0x60, 0x80,
    0x80, 0x60, 0x00, 0x10, 0x10, 0x70, 0x90, 0x90, 0x70, 0x00, 0x00, 0x00,
    0x60, 0xb0, 0xc0, 0x60, 0x00, 0x20, 0x50, 0x40, 0xe0, 0x40, 0x40, 0x00,
    0x00, 0x00, 0x70, 0x90, 0x60, 0x80, 0x70, 0x80, 0x80, 0xe0, 0x90, 0x90,
    0x90, 0x00, 0x20, 0x00, 0x60, 0x20, 0x20, 0x70, 0x00, 0x10, 0x00, 0x10,
    0x10, 0x10, 0x50, 0x20, 0x80, 0x80, 0xa0, 0xc0, 0xa0, 0x90, 0x00, 0x60,
    0x20, 0x20, 0x20, 0x20, 0x70, 0x00, 0x00, 0x00, 0xa0, 0xf0, 0x90, 0x90,
    0x00, 0x00, 0x00, 0xe0, 0x90, 0x90, 0x90, 0x00, 0x00, 0x00, 0x60, 0x90,
    0x90, 0x60, 0x00, 0x00, 0x00, 0xe0, 0x90, 0x90, 0xe0, 0x80, 0x00, 0x00,
    0x70, 0x90, 0x90, 0x70, 0x10, 0x00, 0x00, 0xe0, 0x90, 0x80, 0x80, 0x00,
    0x00, 0x00, 0x70, 0xc0, 0x30, 0xe0, 0x00, 0x40, 0x40, 0xe0, 0x40, 0x40,
    0x30, 0x00, 0x00, 0x00, 0x90, 0x90, 0x90, 0x70, 0x00, 0x00, 0x00, 0x50,
    0x50, 0x50, 0x20, 0x00, 0x00, 0x00, 0x90, 0x90, 0xf0, 0xf0, 0x00, 0x00,
    0x00, 0x90, 0x60, 0x60, 0x90, 0x00, 0x00, 0x00, 0x90, 0x90, 0x50, 0x20,
    0x40, 0x00, 0x00, 0xf0, 0x20, 0x40, 0xf0, 0x00, 0x10, 0x20, 0x60, 0x20,
    0x20, 0x10, 0x00, 0x20, 0x20, 0x20, 0x20, 0x20, 0x20, 0x00, 0x40, 0x20,
    0x30, 0x20, 0x20, 0x40, 0x00, 0x50, 0xa0, 0x00, 0x00, 0x00, 0x00, 0x00,
    0x00, 0x00, 0x00, 0x00, 0x00, 0x00, 0x00, 0x20, 0x00, 0x20, 0x20, 0x20,
    0x20, 0x00, 0x00, 0x20, 0x70, 0xa0, 0xa0, 0x70, 0x20, 0x00, 0x30, 0x40,
    0xe0, 0x40, 0xb0, 0x00, 0x00, 0x88, 0x70, 0x50, 0x70, 0x88, 0x00, 0x50,
    0x50, 0x20, 0x70, 0x20, 0x20, 0x00, 0x00, 0x20, 0x20, 0x00, 0x20, 0x20,
    0x00, 0x30, 0x40, 0x60, 0x50, 0x30, 0x10, 0x60, 0x50, 0x00, 0x00, 0x00,
    0x00, 0x00, 0x00, 0x70, 0x88, 0xa8, 0xc8, 0xa8, 0x88, 0x70, 0x60, 0xa0,
    0x60, 0x00, 0x00, 0x00, 0x00, 0x00, 0x00, 0x48, 0x90, 0x48, 0x00, 0x00,
    0x00, 0x00, 0x00, 0xf0, 0x10, 0x00, 0x00, 0x00, 0x00, 0x00, 0x70, 0x00,
    0x00, 0x00, 0x70, 0x88, 0xe8, 0xc8, 0xc8, 0x88, 0x70, 0xf0, 0x00, 0x00,
    0x00, 0x00, 0x00, 0x00, 0x20, 0x50, 0x20, 0x00, 0x00, 0x00, 0x00, 0x20,
    0x20, 0xf8, 0x20, 0x20, 0xf8, 0x00, 0x60, 0x20, 0x40, 0x60, 0x00, 0x00,
    0x00, 0x60, 0x60, 0x20, 0x60, 0x00, 0x00, 0x00, 0x20, 0x40, 0x00, 0x00,
    0x00, 0x00, 0x00, 0x00, 0x00, 0x90, 0x90, 0x90, 0xe0, 0x80, 0x70, 0xd0,
    0xd0, 0x50, 0x50, 0x50, 0x00, 0x00, 0x00, 0x60, 0x60, 0x00, 0x00, 0x00,
    0x00, 0x00, 0x00, 0x00, 0x00, 0x20, 0x40, 0x20, 0x60, 0x20, 0x70, 0x00,
    0x00, 0x00, 0x40, 0xa0, 0x40, 0x00, 0x00, 0x00, 0x00, 0x00, 0x00, 0x90,
    0x48, 0x90, 0x00, 0x00, 0x80, 0x80, 0x80, 0x90, 0x30, 0x70, 0x10, 0x80,
    0x80, 0x80, 0xb0, 0x10, 0x20, 0x30, 0xc0, 0xc0, 0x40, 0xd0, 0x30, 0x70,
    0x10, 0x20, 0x00, 0x20, 0x40, 0x50, 0x20, 0x00, 0x60, 0x90, 0x90, 0xf0,
    0x90, 0x90, 0x00, 0x60, 0x90, 0x90, 0xf0, 0x90, 0x90, 0x00, 0x60, 0x90,
    0x90, 0xf0, 0x90, 0x90, 0x00, 0x60, 0x90, 0x90, 0xf0, 0x90, 0x90, 0x00,
    0x90, 0x60, 0x90, 0xf0, 0x90, 0x90, 0x00, 0x60, 0x60, 0x90, 0xf0, 0x90,
    0x90, 0x00, 0x70, 0xa0, 0xb0, 0xe0, 0xa0, 0xb0, 0x00, 0x60, 0x90, 0x80,
    0x80, 0x90, 0x60, 0x40, 0xf0, 0x80, 0xe0, 0x80, 0x80, 0xf0, 0x00, 0xf0,
    0x80, 0xe0, 0x80, 0x80, 0xf0, 0x00, 0xf0, 0x80, 0xe0, 0x80, 0x80, 0xf0,
    0x00, 0xf0, 0x80, 0xe0, 0x80, 0x80, 0xf0, 0x00, 0x70, 0x20, 0x20, 0x20,
    0x20, 0x70, 0x00, 0x70, 0x20, 0x20, 0x20, 0x20, 0x70, 0x00, 0x70, 0x20,
    0x20, 0x20, 0x20, 0x70, 0x00, 0x70, 0x20, 0x20, 0x20, 0x20, 0x70, 0x00,
    0xe0, 0x50, 0xd0, 0x50, 0x50, 0xe0, 0x00, 0xb0, 0x90, 0xd0, 0xb0, 0xb0,
    0x90, 0x00, 0x60, 0x90, 0x90, 0x90, 0x90, 0x60, 0x00, 0x60, 0x90, 0x90,
    0x90, 0x90, 0x60, 0x00, 0x60, 0x90, 0x90, 0x90, 0x90, 0x60, 0x00, 0x60,
    0x90, 0x90, 0x90, 0x90, 0x60, 0x00, 0x90, 0x60, 0x90, 0x90, 0x90, 0x60,
    0x00, 0x00, 0x00, 0x90, 0x60, 0x60, 0x90, 0x00, 0x70, 0xb0, 0xb0, 0xd0,
    0xd0, 0xe0, 0x00, 0x90, 0x90, 0x90, 0x90, 0x90, 0x60, 0x00, 0x90, 0x90,
    0x90, 0x90, 0x90, 0x60, 0x00, 0x90, 0x90, 0x90, 0x90, 0x90, 0x60, 0x00,
    0x90, 0x00, 0x90, 0x90, 0x90, 0x60, 0x00, 0x50, 0x50, 0x50, 0x20, 0x20,
    0x20, 0x00, 0x80, 0xe0, 0x90, 0xe0, 0x80, 0x80, 0x00, 0x60, 0x90, 0xa0,
    0x90, 0x90, 0xa0, 0x00, 0x40, 0x20, 0x70, 0x90, 0xb0, 0x50, 0x00, 0x20,
    0x40, 0x70, 0x90, 0xb0, 0x50, 0x00, 0x20, 0x50, 0x70, 0x90, 0xb0, 0x50,
    0x00, 0x50, 0xa0, 0x70, 0x90, 0xb0, 0x50, 0x00, 0x50, 0x00, 0x70, 0x90,
    0xb0, 0x50, 0x00, 0x60, 0x60, 0x70, 0x90, 0xb0, 0x50, 0x00, 0x00, 0x00,
    0x70, 0xb0, 0xa0, 0x70, 0x00, 0x00, 0x00, 0x30, 0x40, 0x40, 0x30, 0x20,
    0x40, 0x20, 0x60, 0xb0, 0xc0, 0x60, 0x00, 0x20, 0x40, 0x60, 0xb0, 0xc0,
    0x60, 0x00, 0x40, 0xa0, 0x60, 0xb0, 0xc0, 0x60, 0x00, 0xa0, 0x00, 0x60,
    0xb0, 0xc0, 0x60, 0x00, 0x40, 0x20, 0x60, 0x20, 0x20, 0x70, 0x00, 0x20,
    0x40, 0x60, 0x20, 0x20, 0x70, 0x00, 0x20, 0x50, 0x60, 0x20, 0x20, 0x70,
    0x00, 0x50, 0x00, 0x60, 0x20, 0x20, 0x70, 0x00, 0x40, 0x30, 0x60, 0x90,
    0x90, 0x60, 0x00, 0x50, 0xa0, 0xe0, 0x90, 0x90, 0x90, 0x00, 0x40, 0x20,
    0x60, 0x90, 0x90, 0x60, 0x00, 0x20, 0x40, 0x60, 0x90, 0x90, 0x60, 0x00,
    0x60, 0x00, 0x60, 0x90, 0x90, 0x60, 0x00, 0x50, 0xa0, 0x60, 0x90, 0x90,
    0x60, 0x00, 0x50, 0x00, 0x60, 0x90, 0x90, 0x60, 0x00, 0x00, 0x60, 0x00,
    0xf0, 0x00, 0x60, 0x00, 0x00, 0x00, 0x70, 0xb0, 0xd0, 0xe0, 0x00, 0x40,
    0x20, 0x90, 0x90, 0x90, 0x70, 0x00, 0x20, 0x40, 0x90, 0x90, 0x90, 0x70,
    0x00, 0x60, 0x00, 0x90, 0x90, 0x90, 0x70, 0x00, 0x50, 0x00, 0x90, 0x90,
    0x90, 0x70, 0x00, 0x20, 0x40, 0x90, 0x90, 0x50, 0x20, 0x40, 0x00, 0x80,
    0xe0, 0x90, 0x90, 0xe0, 0x80, 0x50, 0x00, 0x90, 0x90, 0x50, 0x20, 0x40,
    0x60, 0x90, 0x90, 0xf0, 0x90, 0x90, 0x00, 0x70, 0x00, 0x70, 0x90, 0xb0,
    0x50, 0x00, 0x60, 0x90, 0x90, 0xf0, 0x90, 0x90, 0x00, 0x90, 0x60, 0x70,
    0x90, 0xb0, 0x50, 0x00, 0x60, 0x90, 0x90, 0xf0, 0x90, 0x90, 0x10, 0x00,
    0x00, 0x70, 0x90, 0xb0, 0x50, 0x08, 0x60, 0x90, 0x80, 0x80, 0x90, 0x60,
    0x00, 0x10, 0x20, 0x30, 0x40, 0x40, 0x30, 0x00, 0x60, 0x90, 0x80, 0x80,
    0x90, 0x60, 0x00, 0x60, 0x00, 0x60, 0x80, 0x80, 0x60, 0x00, 0x60, 0x90,
    0x80, 0x80, 0x90, 0x60, 0x00, 0x40, 0x00, 0x60, 0x80, 0x80, 0x60, 0x00,
    0x60, 0x90, 0x80, 0x80, 0x90, 0x60, 0x00, 0xa0, 0x40, 0x60, 0x80, 0x80,
    0x60, 0x00, 0xe0, 0x90, 0x90, 0x90, 0x90, 0xe0, 0x00, 0xa0, 0x50, 0x10,
    0x70, 0x90, 0x70, 0x00, 0xe0, 0x90, 0xd0, 0x90, 0x90, 0xe0, 0x00, 0x10,
    0x38, 0x10, 0x70, 0x90, 0x70, 0x00, 0xf0, 0x80, 0xe0, 0x80, 0x80, 0xf0,
    0x00, 0xe0, 0x00, 0x60, 0xb0, 0xc0, 0x60, 0x00, 0xf0, 0x80, 0xe0, 0x80,
    0x80, 0xf0, 0x00, 0x90, 0x60, 0x60, 0xb0, 0xc0, 0x60, 0x00, 0xf0, 0x80,
    0xe0, 0x80, 0x80, 0xf0, 0x00, 0x40, 0x00, 0x60, 0xb0, 0xc0, 0x60, 0x00,
    0xf0, 0x80, 0xe0, 0x80, 0x80, 0xf0, 0x40, 0x00, 0x00, 0x60, 0xb0, 0xc0,
    0x60, 0x40, 0xf0, 0x80, 0xe0, 0x80, 0x80, 0xf0, 0x00, 0xa0, 0x40, 0x60,
    0xb0, 0xc0, 0x60, 0x00, 0x60, 0x90, 0x80, 0xb0, 0x90, 0x70, 0x00, 0x60,
    0x00, 0x70, 0x90, 0x60, 0x80, 0x70, 0x60, 0x90, 0x80, 0xb0, 0x90, 0x70,
    0x00, 0x50, 0x20, 0x70, 0x90, 0x60, 0x80, 0x70, 0x60, 0x90, 0x80, 0xb0,
    0x90, 0x70, 0x00, 0x20, 0x00, 0x70, 0x90, 0x60, 0x80, 0x70, 0x60, 0x90,
    0x80, 0xb0, 0x90, 0x70, 0x40, 0x60, 0x20, 0x70, 0x90, 0x60, 0x80, 0x70,
    0x90, 0x90, 0xf0, 0x90, 0x90, 0x90, 0x00, 0x40, 0xa0, 0x80, 0xe0, 0x90,
    0x90, 0x00, 0x90, 0xf8, 0x90, 0xf0, 0x90, 0x90, 0x00, 0x80, 0xc0, 0x80,
    0xe0, 0x90, 0x90, 0x00, 0x70, 0x20, 0x20, 0x20, 0x20, 0x70, 0x00, 0x50,
    0xa0, 0x60, 0x20, 0x20, 0x70, 0x00, 0x70, 0x20, 0x20, 0x20, 0x20, 0x70,
    0x00, 0x70, 0x00, 0x60, 0x20, 0x20, 0x70, 0x00, 0x70, 0x20, 0x20, 0x20,
    0x20, 0x70, 0x00, 0x90, 0x60, 0x60, 0x20, 0x20, 0x70, 0x00, 0x70, 0x20,
    0x20, 0x20, 0x20, 0x70, 0x40, 0x20, 0x00, 0x60, 0x20, 0x20, 0x70, 0x40,
    0x70, 0x20, 0x20, 0x20, 0x20, 0x70, 0x00, 0x00, 0x00, 0x60, 0x20, 0x20,
    0x70, 0x00, 0x90, 0x90, 0x90, 0x90, 0xd0, 0xa0, 0x00, 0x90, 0x00, 0x90,
    0x90, 0x90, 0xd0, 0x20, 0x10, 0x10, 0x10, 0x10, 0x90, 0x60, 0x00, 0x20,
    0x50, 0x00, 0x20, 0x20, 0xa0, 0x40, 0x90, 0xa0, 0xc0, 0xc0, 0xa0, 0x90,
    0x80, 0x80, 0x80, 0xa0, 0xc0, 0xa0, 0x90, 0x80, 0x00, 0x00, 0x90, 0xe0,
    0x90, 0x90, 0x00, 0x90, 0xa0, 0x80, 0x80, 0x80, 0xf0, 0x00, 0xc8, 0x50,
    0x40, 0x40, 0x40, 0xe0, 0x00, 0x80, 0x80, 0x80, 0x80, 0x80, 0xf0, 0x80,
    0x60, 0x20, 0x20, 0x20, 0x20, 0x70, 0x40, 0xa8, 0x90, 0x80, 0x80, 0x80,
    0xf0, 0x00, 0xa8, 0x90, 0x80, 0x80, 0x80, 0x40, 0x00, 0x80, 0x80, 0xa0,
    0x80, 0x80, 0xf0, 0x00, 0xc0, 0x40, 0x50, 0x40, 0x40, 0xe0, 0x00, 0x80,
    0x80, 0xc0, 0x80, 0x80, 0xf0, 0x00, 0x60, 0x20, 0x30, 0x60, 0x20, 0x70,
    0x00, 0x90, 0xd0, 0xd0, 0xb0, 0xb0, 0x90, 0x00, 0x20, 0x40, 0xe0, 0x90,
    0x90, 0x90, 0x00, 0x90, 0xd0, 0xd0, 0xb0, 0xb0, 0x90, 0x80, 0x00, 0x00,
    0xe0, 0x90, 0x90, 0x90, 0x80, 0x90, 0xd0, 0xd0, 0xb0, 0xb0, 0x90, 0x00,
    0xa0, 0x40, 0xe0, 0x90, 0x90, 0x90, 0x00, 0x80, 0x00, 0xe0, 0x90, 0x90,
    0x90, 0x00, 0x90, 0xd0, 0xd0, 0xb0, 0xb0, 0x90, 0x20, 0x00, 0x00, 0xe0,
    0x90, 0x90, 0x90, 0x20, 0x60, 0x90, 0x90, 0x90, 0x90, 0x60, 0x00, 0xf0,
    0x00, 0x60, 0x90, 0x90, 0x60, 0x00, 0x60, 0x90, 0x90, 0x90, 0x90, 0x60,
    0x00, 0x90, 0x60, 0x60, 0x90, 0x90, 0x60, 0x00, 0x60, 0x90, 0x90, 0x90,
    0x90, 0x60, 0x00, 0x48, 0x90, 0x60, 0x90, 0x90, 0x60, 0x00, 0x70, 0xa0,
    0xb0, 0xa0, 0xa0, 0x70, 0x00, 0x00, 0x00, 0x70, 0xb0, 0xa0, 0x70, 0x00,
    0xe0, 0x90, 0x90, 0xe0, 0xa0, 0x90, 0x00, 0x20, 0x40, 0xe0, 0x90, 0x80,
    0x80, 0x00, 0xe0, 0x90, 0x90, 0xe0, 0xa0, 0x90, 0x80, 0x00, 0x00, 0xe0,
    0x90, 0x80, 0x80, 0x40, 0xe0, 0x90, 0x90, 0xe0, 0xa0, 0x90, 0x00, 0xa0,
    0x40, 0xe0, 0x90, 0x80, 0x80, 0x00, 0x60, 0x90, 0x40, 0x20, 0x90, 0x60,
    0x00, 0x20, 0x40, 0x70, 0xc0, 0x30, 0xe0, 0x00, 0x60, 0x90, 0x40, 0x20,
    0x90, 0x60, 0x00, 0x60, 0x00, 0x70, 0xc0, 0x30, 0xe0, 0x00, 0x60, 0x90,
    0x40, 0x20, 0x90, 0x60, 0x40, 0x00, 0x00, 0x70, 0xc0, 0x30, 0xe0, 0x40,
    0x60, 0x90, 0x40, 0x20, 0x90, 0x60, 0x00, 0x50, 0x20, 0x70, 0xc0, 0x30,
    0xe0, 0x00, 0x70, 0x20, 0x20, 0x20, 0x20, 0x20, 0x40, 0x40, 0x40, 0xe0,
    0x40, 0x40, 0x30, 0x40, 0xe0, 0x40, 0x40, 0x40, 0x40, 0x40, 0x00, 0x50,
    0x20, 0x40, 0xe0, 0x40, 0x30, 0x00, 0xe0, 0x40, 0xe0, 0x40, 0x40, 0x40,
    0x00, 0x40, 0xe0, 0x40, 0xe0, 0x40, 0x30, 0x00, 0x90, 0x90, 0x90, 0x90,
    0x90, 0x60, 0x00, 0x50, 0xa0, 0x90, 0x90, 0x90, 0x70, 0x00, 0x90, 0x90,
    0x90, 0x90, 0x90, 0x60, 0x00, 0xf0, 0x00, 0x90, 0x90, 0x90, 0x70, 0x00,
    0x90, 0x90, 0x90, 0x90, 0x90, 0x60, 0x00, 0x90, 0x60, 0x00, 0x90, 0x90,
    0x70, 0x00, 0x90, 0x90, 0x90, 0x90, 0x90, 0x60, 0x00, 0x60, 0x60, 0x00,
    0x90, 0x90, 0x70, 0x00, 0x90, 0x90, 0x90, 0x90, 0x90, 0x60, 0x00, 0x48,
    0x90, 0x00, 0x90, 0x90, 0x70, 0x00, 0x90, 0x90, 0x90, 0x90, 0x90, 0x60,
    0x40, 0x00, 0x00, 0x90, 0x90, 0x90, 0x70, 0x20, 0x90, 0x90, 0x90, 0xf0,
    0xf0, 0x90, 0x00, 0x20, 0x50, 0x00, 0x90, 0xf0, 0xf0, 0x00, 0xa0, 0xa0,
    0xa0, 0x40, 0x40, 0x40, 0x00, 0x20, 0x50, 0x00, 0x90, 0x50, 0x20, 0x40,
    0xa0, 0xa0, 0xa0, 0x40, 0x40, 0x40, 0x00, 0xf0, 0x10, 0x20, 0x40, 0x80,
    0xf0, 0x00, 0x20, 0x40, 0xf0, 0x20, 0x40, 0xf0, 0x00, 0xf0, 0x10, 0x20,
    0x40, 0x80, 0xf0, 0x00, 0x20, 0x00, 0xf0, 0x20, 0x40, 0xf0, 0x00, 0xf0,
    0x10, 0x20, 0x40, 0x80, 0xf0, 0x00, 0x50, 0x20, 0xf0, 0x20, 0x40, 0xf0,
    0x00, 0x10, 0x20, 0x60, 0x20, 0x20, 0x20, 0x00, 0x40, 0xe0, 0x40, 0x60,
    0x50, 0x60, 0x00, 0xe0, 0x50, 0x60, 0x50, 0x50, 0x60, 0x00, 0xe0, 0x80,
    0xe0, 0x90, 0x90, 0xe0, 0x00, 0x60, 0x40, 0x60, 0x50, 0x50, 0x60, 0x00,
    0x40, 0xc0, 0xf0, 0x48, 0x48, 0x70, 0x00, 0x40, 0xc0, 0x60, 0x50, 0x50,
    0x60, 0x00, 0x60, 0x90, 0x10, 0x10, 0x90, 0x60, 0x00, 0x68, 0x90, 0x80,
    0x80, 0x90, 0x60, 0x00, 0x00, 0x10, 0x60, 0x80, 0x80, 0x60, 0x00, 0xe0,
    0x50, 0xd0, 0x50, 0x50, 0xe0, 0x00, 0xe0, 0x50, 0x50, 0x50, 0x50, 0x60,
    0x00, 0x70, 0x10, 0x70, 0x90, 0x90, 0x70, 0x00, 0x30, 0x10, 0x30, 0x50,
    0x50, 0x30, 0x00, 0x00, 0x00, 0x60, 0x90, 0x60, 0x10, 0x60, 0xf0, 0x10,
    0x70, 0x10, 0x10, 0xf0, 0x00, 0x60, 0x90, 0x10, 0xf0, 0x90, 0x60, 0x00,
    0x60, 0x90, 0x40, 0x80, 0x90, 0x60, 0x00, 0x70, 0x40, 0x60, 0x40, 0x40,
    0x40, 0x80, 0x20, 0x50, 0x40, 0xe0, 0x40, 0x40, 0x80, 0x70, 0x90, 0x80,
    0xb0, 0x90, 0x70, 0x00, 0x00, 0x90, 0x90, 0x60, 0x90, 0x60, 0x00, 0x80,
    0x80, 0xc8, 0xa8, 0xa8, 0x90, 0x00, 0x60, 0x20, 0x20, 0x20, 0x20, 0x10,
    0x00, 0x70, 0x20, 0x70, 0x20, 0x20, 0x70, 0x00, 0xa0, 0xd0, 0x80, 0xc0,
    0xa0, 0x90, 0x00, 0x60, 0x80, 0xa0, 0xc0, 0xa0, 0x90, 0x00, 0x60, 0x20,
    0x70, 0x20, 0x20, 0x70, 0x00, 0x40, 0x30, 0x60, 0x20, 0x50, 0x50, 0x00,
    0x90, 0x90, 0x90, 0x90, 0xf0, 0x50, 0x00, 0x48, 0x68, 0x68, 0x58, 0x58,
    0x48, 0x80, 0x00, 0x00, 0xe0, 0x90, 0x90, 0x90, 0x10, 0x60, 0x90, 0xf0,
    0x90, 0x90, 0x60, 0x00, 0x68, 0x90, 0x90, 0x90, 0x90, 0x60, 0x00, 0x00,
    0x08, 0x70, 0x90, 0x90, 0x60, 0x00, 0x70, 0xa8, 0xa8, 0xa8, 0xa8, 0x40,
    0x00, 0x00, 0x00, 0x70, 0xa8, 0xa8, 0x48, 0x00, 0xe0, 0x50, 0x50, 0x60,
    0x40, 0x40, 0x00, 0x60, 0x80, 0xe0, 0x90, 0x90, 0xe0, 0x80, 0x80, 0xe0,
    0x90, 0xe0, 0xc0, 0xa0, 0x10, 0x60, 0x90, 0x20, 0x40, 0x90, 0x60, 0x00,
    0x00, 0x00, 0xe0, 0x30, 0xc0, 0x70, 0x00, 0xf0, 0x80, 0x40, 0x40, 0x80,
    0xf0, 0x00, 0x40, 0xa0, 0x70, 0x20, 0x20, 0x20, 0x10, 0x40, 0x40, 0xe0,
    0x40, 0x70, 0x10, 0x20, 0x70, 0xa0, 0xa0, 0x20, 0x20, 0x20, 0x00, 0x30,
    0x40, 0xe0, 0x40, 0x40, 0x30, 0x00, 0xe0, 0x40, 0x40, 0x40, 0x40, 0x40,
    0x30, 0x98, 0x90, 0x90, 0x90, 0x90, 0x60, 0x00, 0x00, 0x08, 0x90, 0x90,
    0x90, 0x70, 0x00, 0x50, 0x88, 0x88, 0x88, 0x88, 0x70, 0x00, 0xa0, 0x90,
    0x90, 0x90, 0x90, 0x60, 0x00, 0x90, 0x50, 0x50, 0x20, 0x20, 0x20, 0x00,
    0x00, 0x00, 0x90, 0xa0, 0xa0, 0x40, 0x80, 0xf0, 0x10, 0xf0, 0x40, 0x80,
    0xf0, 0x00, 0x00, 0x00, 0xf0, 0x70, 0x40, 0xf0, 0x00, 0xf0, 0x20, 0x60,
    0x10, 0x10, 0xe0, 0x00, 0xf0, 0x40, 0x60, 0x80, 0x80, 0x70, 0x00, 0x00,
    0x00, 0xf0, 0x40, 0x60, 0x80, 0x70, 0x00, 0x00, 0xf0, 0x20, 0x60, 0x30,
    0xf8, 0x60, 0x90, 0x10, 0xf0, 0x40, 0xf0, 0x00, 0xf0, 0x80, 0xe0, 0x90,
    0x10, 0xe0, 0x00, 0x00, 0x00, 0x70, 0x60, 0x10, 0x60, 0x00, 0x00, 0x20,
    0x70, 0x20, 0x10, 0x60, 0x00, 0x00, 0x00, 0xe0, 0x90, 0xa0, 0xc0, 0x80,
    0x00, 0x20, 0x20, 0x20, 0x20, 0x20, 0x00, 0x00, 0x50, 0x50, 0x50, 0x50,
    0x50, 0x00, 0x00, 0x20, 0x70, 0x20, 0x70, 0x20, 0x00, 0x00, 0x20, 0x20,
    0x20, 0x00, 0x20, 0x00, 0x18, 0xd8, 0xa8, 0xa8, 0xb0, 0xd8, 0x00, 0xd8,
    0xa0, 0xb8, 0xa8, 0xb0, 0xd8, 0x00, 0x38, 0x20, 0x78, 0xa8, 0xb0, 0x78,
    0x00, 0x88, 0x88, 0x88, 0x88, 0xa8, 0xd0, 0x00, 0x88, 0x80, 0x88, 0x88,
    0x88, 0xe8, 0x10, 0xc8, 0x40, 0x48, 0x48, 0x48, 0xe8, 0x10, 0xc8, 0xa8,
    0xa8, 0xa8, 0xa8, 0xb0, 0x00, 0xc8, 0xa0, 0xa8, 0xa8, 0xa8, 0xa8, 0x10,
    0x08, 0x00, 0xc8, 0xa8, 0xa8, 0xa8, 0x10, 0x60, 0x90, 0x90, 0xf0, 0x90,
    0x90, 0x00, 0x50, 0x20, 0x70, 0x90, 0xb0, 0x50, 0x00, 0x70, 0x20, 0x20,
    0x20, 0x20, 0x70, 0x00, 0x50, 0x20, 0x60, 0x20, 0x20, 0x70, 0x00, 0x60,
    0x90, 0x90, 0x90, 0x90, 0x60, 0x00, 0xa0, 0x40, 0x60, 0x90, 0x90, 0x60,
    0x00, 0x90, 0x90, 0x90, 0x90, 0x90, 0x60, 0x00, 0x50, 0x20, 0x90, 0x90,
    0x90, 0x70, 0x00, 0x90, 0x90, 0x90, 0x90, 0x90, 0x60, 0x00, 0x70, 0x50,
    0x00, 0x90, 0x90, 0x70, 0x00, 0x90, 0x90, 0x90, 0x90, 0x90, 0x60, 0x00,
    0x10, 0x70, 0x00, 0x90, 0x90, 0x70, 0x00, 0x90, 0x90, 0x90, 0x90, 0x90,
    0x60, 0x00, 0x50, 0x70, 0x00, 0x90, 0x90, 0x70, 0x00, 0x90, 0x90, 0x90,
    0x90, 0x90, 0x60, 0x00, 0x40, 0x70, 0x00, 0x90, 0x90, 0x70, 0x00, 0x00,
    0x00, 0x60, 0x30, 0xd0, 0x60, 0x00, 0x60, 0x90, 0x90, 0xf0, 0x90, 0x90,
    0x00, 0x70, 0x50, 0x70, 0x90, 0xb0, 0x50, 0x00, 0x60, 0x90, 0x90, 0xf0,
    0x90, 0x90, 0x00, 0x70, 0x20, 0x70, 0x90, 0xb0, 0x50, 0x00, 0xf0, 0x70,
    0xa0, 0xf0, 0xa0, 0xb0, 0x00, 0xf0, 0x00, 0x70, 0xb0, 0xa0, 0x70, 0x00,
    0x60, 0x90, 0x80, 0xb0, 0xb8, 0x70, 0x00, 0x00, 0x00, 0x70, 0x90, 0x60,
    0xb8, 0x70, 0x60, 0x90, 0x80, 0xb0, 0x90, 0x70, 0x00, 0x50, 0x20, 0x70,
    0x90, 0x60, 0x80, 0x70, 0x90, 0xa0, 0xc0, 0xc0, 0xa0, 0x90, 0x00, 0xd0,
    0xa0, 0x80, 0xa0, 0xc0, 0xa0, 0x00, 0x60, 0x90, 0x90, 0x90, 0x90, 0x60,
    0x40, 0x00, 0x00, 0x60, 0x90, 0x90, 0x60, 0x40, 0x60, 0x90, 0x90, 0x90,
    0x90, 0x60, 0x40, 0xf0, 0x00, 0x60, 0x90, 0x90, 0x60, 0x40, 0xf0, 0x20,
    0x60, 0x10, 0x10, 0xe0, 0x00, 0x50, 0x20, 0xf0, 0x20, 0x60, 0x10, 0xe0,
    0x50, 0x20, 0x00, 0x20, 0x20, 0xa0, 0x40, 0xd8, 0xa8, 0xa8, 0xb0, 0xb0,
    0xd8, 0x00, 0xc0, 0xa0, 0xb8, 0xa8, 0xb0, 0xd8, 0x00, 0x20, 0x20, 0x78,
    0xa8, 0xb0, 0x78, 0x00, 0x60, 0x90, 0x80, 0xb0, 0x90, 0x70, 0x00, 0x10,
    0x20, 0x70, 0x90, 0x60, 0x80, 0x70, 0xa0, 0xa0, 0xe8, 0xa8, 0xa8, 0x90,
    0x00, 0xe0, 0x90, 0xa0, 0xc0, 0x80, 0x80, 0x00, 0x90, 0xd0, 0xd0, 0xb0,
    0xb0, 0x90, 0x00, 0x40, 0x20, 0xe0, 0x90, 0x90, 0x90, 0x00, 0x60, 0x90,
    0x90, 0xf0, 0x90, 0x90, 0x00, 0x20, 0x40, 0x60, 0x60, 0x90, 0x70, 0x00,
    0x70, 0xa0, 0xb0, 0xe0, 0xa0, 0xb0, 0x00, 0x10, 0x20, 0x70, 0xb0, 0xa0,
    0x70, 0x00, 0x70, 0xb0, 0xb0, 0xd0, 0xd0, 0xe0, 0x00, 0x10, 0x20, 0x70,
    0xb0, 0xd0, 0xe0, 0x00, 0x60, 0x90, 0x90, 0xf0, 0x90, 0x90, 0x00, 0xa0,
    0x50, 0x70, 0x90, 0xb0, 0x50, 0x00, 0x60, 0x90, 0x90, 0xf0, 0x90, 0x90,
    0x00, 0x60, 0x90, 0x70, 0x90, 0xb0, 0x50, 0x00, 0xf0, 0x80, 0xe0, 0x80,
    0x80, 0xf0, 0x00, 0xa0, 0x50, 0x60, 0xb0, 0xc0, 0x60, 0x00, 0xf0, 0x80,
    0xe0, 0x80, 0x80, 0xf0, 0x00, 0x60, 0x90, 0x60, 0xb0, 0xc0, 0x60, 0x00,
    0x70, 0x20, 0x20, 0x20, 0x20, 0x70, 0x00, 0xa0, 0x50, 0x60, 0x20, 0x20,
    0x70, 0x00, 0x70, 0x20, 0x20, 0x20, 0x20, 0x70, 0x00, 0x60, 0x90, 0x60,
    0x20, 0x20, 0x70, 0x00, 0x60, 0x90, 0x90, 0x90, 0x90, 0x60, 0x00, 0xa0,
    0x50, 0x60, 0x90, 0x90, 0x60, 0x00, 0x60, 0x90, 0x90, 0x90, 0x90, 0x60,
    0x00, 0x60, 0x90, 0x60, 0x90, 0x90, 0x60, 0x00, 0xe0, 0x90, 0x90, 0xe0,
    0xa0, 0x90, 0x00, 0xa0, 0x50, 0xe0, 0x90, 0x80, 0x80, 0x00, 0xe0, 0x90,
    0x90, 0xe0, 0xa0, 0x90, 0x00, 0x60, 0x90, 0xe0, 0x90, 0x80, 0x80, 0x00,
    0x90, 0x90, 0x90, 0x90, 0x90, 0x60, 0x00, 0xa0, 0x50, 0x90, 0x90, 0x90,
    0x70, 0x00, 0x90, 0x90, 0x90, 0x90, 0x90, 0x60, 0x00, 0x60, 0x90, 0x90,
    0x90, 0x90, 0x70, 0x00, 0x60, 0x90, 0x40, 0x20, 0x90, 0x60, 0xc0, 0x00,
    0x00, 0x70, 0xc0, 0x30, 0xe0, 0xc0, 0x70, 0x20, 0x20, 0x20, 0x20, 0x20,
    0x40, 0x40, 0x40, 0xe0, 0x40, 0x40, 0x30, 0x40, 0x60, 0x90, 0x10, 0x20,
    0x10, 0xe0, 0x00, 0x00, 0x00, 0x60, 0xb0, 0x50, 0x20, 0xc0, 0x90, 0x90,
    0xf0, 0x90, 0x90, 0x90, 0x00, 0x50, 0xa0, 0x80, 0xe0, 0x90, 0x90, 0x00,
    0x00, 0x00, 0xa0, 0xd0, 0x90, 0xe0, 0x00, 0x00, 0x00, 0x70, 0x90, 0x90,
    0x70, 0x00, 0x00, 0x00, 0xe0, 0x90, 0x90, 0xe0, 0x00, 0x60, 0x80, 0xe0,
    0x90, 0x90, 0xe0, 0x00, 0x00, 0x00, 0x60, 0x10, 0x10, 0x60, 0x00, 0x00,
    0x00, 0x60, 0x80, 0xb0, 0x60, 0x80, 0x10, 0x10, 0x70, 0x90, 0x90, 0x70,
    0x18, 0x18, 0x10, 0x70, 0x90, 0x90, 0x70, 0x00, 0x00, 0x00, 0x60, 0xd0,
    0x30, 0x60, 0x00, 0x00, 0x00, 0x60, 0x30, 0xd0, 0x60, 0x00, 0x00, 0x00,
    0x60, 0x38, 0xd0, 0x60, 0x00, 0x00, 0x00, 0x30, 0x20, 0x40, 0x30, 0x00,
    0x00, 0x00, 0x60, 0x20, 0x10, 0x60, 0x00, 0x00, 0x00, 0xf0, 0x40, 0x20,
    0xc0, 0x00, 0x00, 0x00, 0x60, 0xa0, 0x90, 0x60, 0x00, 0x00, 0x20, 0x20,
    0x70, 0x20, 0xa0, 0x40, 0x00, 0x08, 0x70, 0x90, 0x70, 0x10, 0x60, 0x00,
    0x00, 0x70, 0x90, 0x70, 0x10, 0x60, 0x00, 0x00, 0x70, 0x80, 0x90, 0x70,
    0x00, 0x00, 0x00, 0x50, 0x50, 0x20, 0x50, 0x20, 0x00, 0x00, 0x50, 0x20,
    0x50, 0x20, 0x00, 0x00, 0x00, 0x90, 0x90, 0x90, 0x70, 0x10, 0x60, 0x80,
    0xe0, 0x90, 0x90, 0x90, 0x00, 0x60, 0x80, 0xe0, 0x90, 0x90, 0x90, 0x20,
    0x20, 0x00, 0x20, 0x70, 0x20, 0x70, 0x00, 0x00, 0x00, 0x40, 0x40, 0x40,
    0x20, 0x00, 0x00, 0x00, 0xe0, 0x40, 0x40, 0xe0, 0x00, 0x60, 0x20, 0x68,
    0xb0, 0x20, 0x70, 0x00, 0x60, 0x20, 0x60, 0x70, 0x20, 0x70, 0x00, 0x60,
    0x20, 0x20, 0x20, 0x20, 0x20, 0x10, 0x80, 0x80, 0xe0, 0x90, 0x90, 0xa0,
    0x60, 0x00, 0x00, 0x90, 0x90, 0xf0, 0x50, 0x00, 0x00, 0x00, 0x90, 0x90,
    0xf0, 0x50, 0x10, 0x00, 0x00, 0xa0, 0xf0, 0x90, 0x90, 0x20, 0x00, 0x00,
    0x60, 0x50, 0x50, 0x50, 0x80, 0x00, 0x00, 0xc0, 0xa0, 0xa0, 0xa0, 0x10,
    0x00, 0x00, 0x90, 0xd0, 0xb0, 0x90, 0x00, 0x00, 0x60, 0x90, 0xf0, 0x90,
    0x60, 0x00, 0x00, 0x00, 0x70, 0xb0, 0xa0, 0x70, 0x00, 0x00, 0x00, 0x60,
    0x90, 0xf0, 0xf0, 0x00, 0x00, 0x20, 0x70, 0xa8, 0x70, 0x20, 0x00, 0x00,
    0x00, 0x10, 0x10, 0x90, 0x70, 0x00, 0x00, 0x10, 0x10, 0x10, 0x90, 0x70,
    0x00, 0x00, 0x00, 0x20, 0xa0, 0x60, 0x30, 0x00, 0x00, 0xe0, 0x90, 0x80,
    0x80, 0x80, 0x80, 0x00, 0xe0, 0x90, 0x80, 0x80, 0x80, 0x40, 0x00, 0x00,
    0x60, 0x90, 0x80, 0x80, 0x00, 0x00, 0x00, 0x60, 0x90, 0x10, 0x10, 0x00,
    0x00, 0x00, 0xe0, 0x90, 0xe0, 0x90, 0x00, 0x00, 0x00, 0x90, 0xe0, 0x90,
    0xe0, 0x00, 0x00, 0x00, 0x70, 0xc0, 0x30, 0xe0, 0x80, 0x10, 0x20, 0x20,
    0x20, 0x20, 0x20, 0x40, 0x10, 0x20, 0x20, 0x20, 0x70, 0x20, 0x40, 0x00,
    0x00, 0x40, 0x20, 0x20, 0x10, 0x00, 0x10, 0x20, 0x20, 0x20, 0x70, 0xa0,
    0x40, 0x00, 0xc0, 0x20, 0x20, 0x70, 0x20, 0x20, 0x40, 0x40, 0xe0, 0x40,
    0x40, 0x40, 0x30, 0x00, 0x00, 0x90, 0xf0, 0x90, 0x70, 0x00, 0x00, 0x00,
    0x90, 0x90, 0x90, 0x60, 0x00, 0x00, 0x00, 0xa0, 0x90, 0x90, 0x60, 0x00,
    0x00, 0x00, 0x20, 0x50, 0x50, 0x50, 0x00, 0x00, 0x00, 0xf0, 0xf0, 0x90,
    0x90, 0x00, 0x00, 0x20, 0x40, 0xa0, 0x90, 0x90, 0x00, 0x00, 0x00, 0xa0,
    0x40, 0x40, 0x40, 0x00, 0x00, 0x00, 0xf0, 0x20, 0x40, 0xf0, 0x10, 0x00,
    0x00, 0xf0, 0x20, 0x50, 0xf0, 0x40, 0x00, 0x00, 0xf0, 0x20, 0x60, 0x10,
    0xe0, 0x00, 0x00, 0xf0, 0x20, 0x60, 0x50, 0x78, 0x00, 0x60, 0x10, 0x30,
    0x20, 0x20, 0x00, 0x00, 0x30, 0x40, 0x60, 0x20, 0x20, 0x00, 0x00, 0x20,
    0x20, 0x30, 0x10, 0x60, 0x00, 0x00, 0x20, 0x50, 0x40, 0x40, 0x50, 0x20,
    0x00, 0x70, 0x88, 0xa8, 0x88, 0x70, 0x00, 0x00, 0x00, 0xe0, 0xe0, 0x90,
    0xe0, 0x00, 0x00, 0x00, 0x60, 0x50, 0x90, 0x60, 0x00, 0x00, 0x18, 0x70,
    0x80, 0x90, 0x70, 0x00, 0x00, 0x00, 0x90, 0xf0, 0x90, 0x90, 0x00, 0x20,
    0x00, 0x20, 0x20, 0x70, 0xa0, 0x40, 0x00, 0x00, 0x90, 0x50, 0x30, 0x50,
    0x10, 0x00, 0x00, 0x80, 0x80, 0x80, 0xf0, 0x00, 0x00, 0x18, 0x70, 0x90,
    0x90, 0x70, 0x10, 0x00, 0x60, 0x10, 0x20, 0x70, 0x20, 0x00, 0x00, 0x30,
    0x40, 0x20, 0x70, 0x20, 0x00, 0x20, 0x20, 0x78, 0xa8, 0xb0, 0x78, 0x00,
    0x20, 0x20, 0x78, 0xa8, 0xb0, 0x68, 0x10, 0x20, 0x20, 0x78, 0xa8, 0xb8,
    0x78, 0x00, 0x40, 0x40, 0xe8, 0x50, 0x48, 0x30, 0x00, 0x48, 0x50, 0xf0,
    0x50, 0x50, 0x30, 0x20, 0x40, 0x40, 0xe8, 0x50, 0x50, 0x38, 0x10, 0xa0,
    0xc0, 0xa0, 0xc0, 0x00, 0x00, 0x00, 0x40, 0x80, 0x00, 0x00, 0x00, 0x00,
    0x00, 0x50, 0xa0, 0x00, 0x00, 0x00, 0x00, 0x00, 0x30, 0x20, 0x40, 0x00,
    0x00, 0x00, 0x00, 0x60, 0x20, 0x10, 0x00, 0x00, 0x00, 0x00, 0x20, 0x50,
    0x00, 0x00, 0x00, 0x00, 0x00, 0x50, 0x20, 0x00, 0x00, 0x00, 0x00, 0x00,
    0x20, 0x20, 0x00, 0x00, 0x00, 0x00, 0x00, 0x70, 0x00, 0x00, 0x00, 0x00,
    0x00, 0x00, 0x00, 0x00, 0x00, 0x00, 0x00, 0x20, 0x20, 0x00, 0x70, 0x20,
    0x00, 0x20, 0x70, 0x00, 0x00, 0x00, 0x20, 0x70, 0x20, 0x00, 0x00, 0x90,
    0x60, 0x00, 0x00, 0x00, 0x00, 0x00, 0x20, 0x00, 0x00, 0x00, 0x00, 0x00,
    0x00, 0x20, 0x50, 0x20, 0x00, 0x00, 0x00, 0x00, 0x00, 0x00, 0x00, 0x00,
    0x00, 0x20, 0x30, 0x50, 0xa0, 0x00, 0x00, 0x00, 0x00, 0x00, 0x48, 0x90,
    0x00, 0x00, 0x00, 0x00, 0x00, 0x40, 0x20, 0x00, 0x00, 0x00, 0x00, 0x00,
    0x20, 0x40, 0x00, 0x00, 0x00, 0x00, 0x00, 0x60, 0x00, 0x00, 0x00, 0x00,
    0x00, 0x00, 0x50, 0xa0, 0x00, 0x00, 0x00, 0x00, 0x00, 0x70, 0x00, 0x00,
    0x00, 0x00, 0x00, 0x00, 0xf8, 0x00, 0x00, 0x00, 0x00, 0x00, 0x00, 0x90,
    0x60, 0x00, 0x00, 0x00, 0x00, 0x00, 0x20, 0x00, 0x00, 0x00, 0x00, 0x00,
    0x00, 0x50, 0x00, 0x00, 0x00, 0x00, 0x00, 0x00, 0x60, 0x20, 0x00, 0x00,
    0x00, 0x00, 0x00, 0x60, 0x60, 0x00, 0x00, 0x00, 0x00, 0x00, 0x48, 0x90,
    0x00, 0x00, 0x00, 0x00, 0x00, 0x50, 0x20, 0x00, 0x00, 0x00, 0x00, 0x00,
    0x20, 0x20, 0x00, 0x00, 0x00, 0x00, 0x00, 0x50, 0x50, 0x00, 0x00, 0x00,
    0x00, 0x00, 0x90, 0x48, 0x00, 0x00, 0x00, 0x00, 0x00, 0xa8, 0x70, 0x00,
    0x00, 0x00, 0x00, 0x00, 0x60, 0x90, 0x00, 0x00, 0x00, 0x00, 0x00, 0x00,
    0x00, 0x00, 0x00, 0x00, 0x00, 0x20, 0x00, 0x00, 0x00, 0x00, 0x00, 0x00,
    0x50, 0x10, 0x20, 0x20, 0x40, 0x40, 0x80, 0x00, 0x40, 0x20, 0x00, 0x00,
    0x00, 0x00, 0x00, 0x20, 0x40, 0x00, 0x00, 0x00, 0x00, 0x00, 0x20, 0x40,
    0x00, 0x00, 0x00, 0x00, 0x00, 0x00, 0x00, 0x00, 0x00, 0x00, 0x20, 0x40,
    0x00, 0x00, 0x00, 0x00, 0x00, 0x00, 0x40, 0x00, 0x60, 0x60, 0x00, 0x60,
    0x40, 0x80, 0x20, 0x40, 0x00, 0x00, 0x00, 0x00, 0x00, 0xb0, 0x40, 0x00,
    0x00, 0x00, 0x00, 0x00, 0xa0, 0xd0, 0x50, 0x70, 0x50, 0x50, 0x00, 0x00,
    0x00, 0x60, 0x60, 0x00, 0x00, 0x00, 0xf0, 0xc0, 0x60, 0x40, 0x40, 0x70,
    0x00, 0xd0, 0xd0, 0x70, 0x50, 0x50, 0x50, 0x00, 0xf0, 0xa0, 0x20, 0x20,
    0x20, 0x70, 0x00, 0xa0, 0xd0, 0x50, 0x50, 0x50, 0x20, 0x00, 0xd0, 0xd0,
    0x50, 0x20, 0x20, 0x20, 0x00, 0xa0, 0xd0, 0x50, 0x50, 0x20, 0x50, 0x00,
    0xb0, 0x40, 0x00, 0x40, 0x40, 0x20, 0x00, 0x60, 0x90, 0x90, 0xf0, 0x90,
    0x90, 0x00, 0xe0, 0x90, 0xe0, 0x90, 0x90, 0xe0, 0x00, 0xf0, 0x80, 0x80,
    0x80, 0x80, 0x80, 0x00, 0x60, 0x60, 0x90, 0x90, 0x90, 0xf0, 0x00, 0xf0,
    0x80, 0xe0, 0x80, 0x80, 0xf0, 0x00, 0xf0, 0x10, 0x20, 0x40, 0x80, 0xf0,
    0x00, 0x90, 0x90, 0xf0, 0x90, 0x90, 0x90, 0x00, 0x60, 0x90, 0xf0, 0x90,
    0x90, 0x60, 0x00, 0x70, 0x20, 0x20, 0x20, 0x20, 0x70, 0x00, 0x90, 0xa0,
    0xc0, 0xc0, 0xa0, 0x90, 0x00, 0x60, 0x60, 0x60, 0x90, 0x90, 0x90, 0x00,
    0x90, 0xf0, 0xf0, 0x90, 0x90, 0x90, 0x00, 0x90, 0xd0, 0xd0, 0xb0, 0xb0,
    0x90, 0x00, 0xf0, 0x00, 0x60, 0x00, 0x00, 0xf0, 0x00, 0x60, 0x90, 0x90,
    0x90, 0x90, 0x60, 0x00, 0xf0, 0x90, 0x90, 0x90, 0x90, 0x90, 0x00, 0xe0,
    0x90, 0x90, 0xe0, 0x80, 0x80, 0x00, 0xf0, 0x80, 0x40, 0x40, 0x80, 0xf0,
    0x00, 0x70, 0x20, 0x20, 0x20, 0x20, 0x20, 0x00, 0x50, 0x50, 0x50, 0x20,
    0x20, 0x20, 0x00, 0x20, 0x70, 0x50, 0x50, 0x70, 0x20, 0x00, 0x90, 0x90,
    0x60, 0x60, 0x90, 0x90, 0x00, 0x50, 0x70, 0x70, 0x70, 0x20, 0x20, 0x00,
    0x20, 0x50, 0x50, 0x50, 0x20, 0x50, 0x00, 0x50, 0x00, 0x70, 0x20, 0x20,
    0x70, 0x00, 0xa0, 0x00, 0xa0, 0xa0, 0x40, 0x40, 0x00, 0x10, 0x20, 0x70,
    0x90, 0xb0, 0x50, 0x00, 0x10, 0x20, 0x70, 0x20, 0x40, 0x30, 0x00, 0x20,
    0x40, 0xe0, 0x90, 0x90, 0x90, 0x10, 0x20, 0x40, 0x00, 0x40, 0x40, 0x20,
    0x00, 0xb0, 0x40, 0x90, 0x90, 0x90, 0x60, 0x00, 0x00, 0x00, 0x70, 0x90,
    0xb0, 0x50, 0x00, 0x60, 0x90, 0xe0, 0x90, 0x90, 0xe0, 0x80, 0x00, 0x00,
    0x50, 0x50, 0x20, 0x20, 0x20, 0x70, 0x80, 0x60, 0x90, 0x90, 0x60, 0x00,
    0x00, 0x00, 0x70, 0x20, 0x40, 0x30, 0x00, 0xf0, 0x40, 0x80, 0x80, 0x80,
    0x70, 0x10, 0x00, 0x00, 0xe0, 0x90, 0x90, 0x90, 0x10, 0x20, 0x50, 0x70,
    0x50, 0x50, 0x20, 0x00, 0x00, 0x00, 0x40, 0x40, 0x40, 0x20, 0x00, 0x00,
    0x00, 0x90, 0xa0, 0xe0, 0x90, 0x00, 0xe0, 0x10, 0x50, 0xb0, 0x90, 0x90,
    0x00, 0x00, 0x00, 0x90, 0x90, 0x90, 0xf0, 0x80, 0x00, 0x00, 0x50, 0x50,
    0x50, 0x20, 0x00, 0xf0, 0x40, 0x80, 0x60, 0x80, 0x70, 0x10, 0x00, 0x00,
    0x60, 0x90, 0x90, 0x60, 0x00, 0x00, 0x00, 0x70, 0x50, 0x50, 0x50, 0x00,
    0x00, 0x00, 0x60, 0x90, 0x90, 0xe0, 0x80, 0x00, 0x00, 0x70, 0xc0, 0x30,
    0x60, 0x00, 0x00, 0x00, 0x70, 0xa0, 0x90, 0x60, 0x00, 0x00, 0x00, 0xf0,
    0x40, 0x40, 0x20, 0x00, 0x00, 0x00, 0x90, 0x90, 0x90, 0x60, 0x00, 0x00,
    0x00, 0x20, 0x70, 0x50, 0x70, 0x20, 0x00, 0x00, 0x90, 0x60, 0x60, 0x90,
    0x90, 0x00, 0x00, 0x50, 0x70, 0x70, 0x20, 0x20, 0x00, 0x00, 0x90, 0x90,
    0xf0, 0xf0, 0x00, 0xa0, 0x00, 0x40, 0x40, 0x40, 0x20, 0x00, 0x90, 0x00,
    0x90, 0x90, 0x90, 0x60, 0x00, 0x20, 0x40, 0x60, 0x90, 0x90, 0x60, 0x00,
    0x20, 0x40, 0x90, 0x90, 0x90, 0x60, 0x00, 0x20, 0x40, 0x90, 0x90, 0xf0,
    0xf0, 0x00, 0x60, 0x90, 0xa0, 0xd0, 0x90, 0x60, 0x00, 0x60, 0x90, 0x70,
    0x10, 0x90, 0x60, 0x00, 0x50, 0x50, 0x50, 0x20, 0x20, 0x20, 0x00, 0xd0,
    0xd0, 0x50, 0x20, 0x20, 0x20, 0x00, 0x50, 0x00, 0x50, 0x50, 0x20, 0x20,
    0x00, 0x00, 0x00, 0x20, 0x70, 0x50, 0x70, 0x20, 0x00, 0x00, 0xf0, 0x90,
    0xf0, 0xf0, 0x00, 0x40, 0x20, 0x90, 0x60, 0x60, 0x90, 0x30, 0x20, 0x50,
    0x80, 0x80, 0x60, 0x10, 0x20, 0x00, 0x00, 0x70, 0xc0, 0x30, 0x60, 0x00,
    0xf0, 0x80, 0xe0, 0x80, 0x80, 0x80, 0x00, 0x00, 0x00, 0x70, 0x40, 0x60,
    0x40, 0x40, 0x80, 0x90, 0xb0, 0xd0, 0x90, 0x10, 0x00, 0x40, 0x40, 0x80,
    0xf0, 0x10, 0x20, 0x20, 0x60, 0x60, 0x60, 0x90, 0xb0, 0xb0, 0x00, 0xc0,
    0x20, 0x50, 0xb0, 0x50, 0x10, 0x10, 0x00, 0x00, 0x90, 0x60, 0x60, 0xb0,
    0x00, 0x00, 0x00, 0x60, 0x90, 0xe0, 0x80, 0x60, 0x00, 0x00, 0x30, 0x40,
    0x40, 0x30, 0x00, 0x10, 0x00, 0x10, 0x10, 0x10, 0x50, 0x20, 0x60, 0x90,
    0xf0, 0x90, 0x90, 0x60, 0x00, 0x00, 0x00, 0x30, 0x60, 0x40, 0x30, 0x00,
    0xf0, 0x80, 0xe0, 0x80, 0x80, 0xf0, 0x00, 0xe0, 0x40, 0x60, 0x50, 0x50,
    0x10, 0x20, 0xf0, 0x80, 0x80, 0x80, 0x80, 0x80, 0x00, 0x60, 0x90, 0xc0,
    0x80, 0x90, 0x60, 0x00, 0x60, 0x90, 0x40, 0x20, 0x90, 0x60, 0x00, 0x70,
    0x20, 0x20, 0x20, 0x20, 0x70, 0x00, 0x70, 0x20, 0x20, 0x20, 0x20, 0x70,
    0x00, 0x10, 0x10, 0x10, 0x10, 0x90, 0x60, 0x00, 0x60, 0xa0, 0xb0, 0xa8,
    0xa8, 0xb0, 0x00, 0xa0, 0xa0, 0xf0, 0xa8, 0xa8, 0xb0, 0x00, 0xe0, 0x40,
    0x60, 0x50, 0x50, 0x50, 0x00, 0x90, 0xa0, 0xc0, 0xc0, 0xa0, 0x90, 0x00,
    0x50, 0x50, 0x50, 0x20, 0x20, 0x40, 0x00, 0x50, 0x50, 0x50, 0x50, 0x50,
    0x70, 0x20, 0x60, 0x90, 0x90, 0xf0, 0x90, 0x90, 0x00, 0xe0, 0x80, 0xe0,
    0x90, 0x90, 0xe0, 0x00, 0xe0, 0x90, 0xe0, 0x90, 0x90, 0xe0, 0x00, 0xf0,
    0x80, 0x80, 0x80, 0x80, 0x80, 0x00, 0x30, 0x50, 0x50, 0x50, 0x50, 0xf0,
    0x90, 0xf0, 0x80, 0xe0, 0x80, 0x80, 0xf0, 0x00, 0xa8, 0xa8, 0x70, 0x70,
    0xa8, 0xa8, 0x00, 0xe0, 0x10, 0x60, 0x10, 0x90, 0x60, 0x00, 0x90, 0xb0,
    0xb0, 0xd0, 0xd0, 0x90, 0x00, 0xd0, 0xb0, 0xb0, 0xd0, 0xd0, 0x90, 0x00,
    0x90, 0xa0, 0xc0, 0xc0, 0xa0, 0x90, 0x00, 0x30, 0x50, 0x50, 0x50, 0x50,
    0x90, 0x00, 0x90, 0xf0, 0xf0, 0x90, 0x90, 0x90, 0x00, 0x90, 0x90, 0xf0,
    0x90, 0x90, 0x90, 0x00, 0x60, 0x90, 0x90, 0x90, 0x90, 0x60, 0x00, 0xf0,
    0x90, 0x90, 0x90, 0x90, 0x90, 0x00, 0xe0, 0x90, 0x90, 0xe0, 0x80, 0x80,
    0x00, 0x60, 0x90, 0x80, 0x80, 0x90, 0x60, 0x00, 0x70, 0x20, 0x20, 0x20,
    0x20, 0x20, 0x00, 0x50, 0x50, 0x50, 0x20, 0x20, 0x40, 0x00, 0x20, 0x70,
    0x50, 0x50, 0x70, 0x20, 0x00, 0x90, 0x90, 0x60, 0x60, 0x90, 0x90, 0x00,
    0x90, 0x90, 0x90, 0x90, 0x90, 0xf0, 0x10, 0x90, 0x90, 0x90, 0x70, 0x10,
    0x10, 0x00, 0xa8, 0xa8, 0xa8, 0xa8, 0xa8, 0xf8, 0x00, 0xa8, 0xa8, 0xa8,
    0xa8, 0xa8, 0xf8, 0x08, 0xc0, 0x40, 0x60, 0x50, 0x50, 0x60, 0x00, 0x90,
    0x90, 0xd0, 0xb0, 0xb0, 0xd0, 0x00, 0x80, 0x80, 0xe0, 0x90, 0x90, 0xe0,
    0x00, 0x60, 0x90, 0x30, 0x10, 0x90, 0x60, 0x00, 0xa0, 0xd0, 0xd0, 0xd0,
    0xd0, 0xa0, 0x00, 0x70, 0x90, 0x90, 0x70, 0x50, 0x90, 0x00, 0x00, 0x00,
    0x70, 0x90, 0xb0, 0x50, 0x00, 0x00, 0x60, 0x80, 0xe0, 0x90, 0x60, 0x00,
    0x00, 0x00, 0xe0, 0xe0, 0x90, 0xe0, 0x00, 0x00, 0x00, 0xf0, 0x80, 0x80,
    0x80, 0x00, 0x00, 0x00, 0x30, 0x50, 0x50, 0xf0, 0x90, 0x00, 0x00, 0x60,
    0xb0, 0xc0, 0x60, 0x00, 0x00, 0x00, 0xa8, 0x70, 0x70, 0xa8, 0x00, 0x00,
    0x00, 0xe0, 0x60, 0x20, 0xc0, 0x00, 0x00, 0x00, 0x90, 0xb0, 0xd0, 0x90,
    0x00, 0x90, 0x60, 0x90, 0xb0, 0xd0, 0x90, 0x00, 0x00, 0x00, 0x90, 0xe0,
    0xa0, 0x90, 0x00, 0x00, 0x00, 0x30, 0x50, 0x50, 0x90, 0x00, 0x00, 0x00,
    0x88, 0xd8, 0xa8, 0xa8, 0x00, 0x00, 0x00, 0x90, 0xf0, 0x90, 0x90, 0x00,
    0x00, 0x00, 0x60, 0x90, 0x90, 0x60, 0x00, 0x00, 0x00, 0xf0, 0x90, 0x90,
    0x90, 0x00, 0x00, 0x00, 0xe0, 0x90, 0x90, 0xe0, 0x80, 0x00, 0x00, 0x60,
    0x80, 0x80, 0x60, 0x00, 0x00, 0x00, 0xe0, 0x40, 0x40, 0x40, 0x00, 0x00,
    0x00, 0x90, 0x90, 0x50, 0x20, 0x40, 0x60, 0x20, 0x20, 0x70, 0x50, 0x70,
    0x20, 0x00, 0x00, 0x90, 0x60, 0x60, 0x90, 0x00, 0x00, 0x00, 0x90, 0x90,
    0x90, 0xf0, 0x10, 0x00, 0x00, 0x90, 0x90, 0x70, 0x10, 0x00, 0x00, 0x00,
    0xa8, 0xa8, 0xa8, 0xf8, 0x00, 0x00, 0x00, 0xa8, 0xa8, 0xa8, 0xf8, 0x08,
    0x00, 0x00, 0xc0, 0x60, 0x50, 0x60, 0x00, 0x00, 0x00, 0x90, 0xd0, 0xb0,
    0xd0, 0x00, 0x00, 0x00, 0x80, 0xe0, 0x90, 0xe0, 0x00, 0x00, 0x00, 0x60,
    0x30, 0x10, 0x60, 0x00, 0x00, 0x00, 0xa0, 0xd0, 0xd0, 0xa0, 0x00, 0x00,
    0x00, 0x60, 0xa0, 0x60, 0xa0, 0x00, 0xa0, 0x00, 0x60, 0xb0, 0xc0, 0x60,
    0x00, 0x40, 0xe0, 0x40, 0x60, 0x50, 0x10, 0x20, 0x20, 0x40, 0xf0, 0x80,
    0x80, 0x80, 0x00, 0x00, 0x00, 0x30, 0x60, 0x40, 0x30, 0x00, 0x00, 0x00,
    0x70, 0xc0, 0x30, 0xe0, 0x00, 0x20, 0x00, 0x60, 0x20, 0x20, 0x70, 0x00,
    0x50, 0x00, 0x60, 0x20, 0x20, 0x70, 0x00, 0x10, 0x00, 0x10, 0x10, 0x10,
    0x50, 0x20, 0x00, 0x00, 0x60, 0xb8, 0xa8, 0xb0, 0x00, 0x00, 0x00, 0xa0,
    0xf0, 0xa8, 0xb0, 0x00, 0x40, 0xe0, 0x40, 0x70, 0x48, 0x48, 0x00, 0x20,
    0x40, 0x90, 0xe0, 0xa0, 0x90, 0x00, 0x90, 0x60, 0x00, 0x90, 0x50, 0x20,
    0x40, 0x00, 0x00, 0x50, 0x50, 0x50, 0x70, 0x20, 0x10, 0xf0, 0x80, 0x80,
    0x80, 0x80, 0x00, 0x00, 0x10, 0xf0, 0x80, 0x80, 0x80, 0x00, 0x00, 0x70,
    0x40, 0xe0, 0x40, 0x40, 0x00, 0x00, 0x00, 0x70, 0x40, 0xe0, 0x40, 0x00,
    0xa8, 0xa8, 0x70, 0x70, 0xa8, 0xa8, 0x08, 0x00, 0x00, 0xa8, 0x70, 0x70,
    0xa8, 0x08, 0x90, 0xa0, 0xc0, 0xc0, 0xa0, 0x90, 0x08, 0x00, 0x00, 0x90,
    0xe0, 0xa0, 0x90, 0x08, 0x50, 0x50, 0x50, 0x20, 0x20, 0x20, 0x00, 0x00,
    0x00, 0x50, 0x50, 0x20, 0x20, 0x20, 0x50, 0x50, 0x20, 0x70, 0x20, 0x20,
    0x00, 0x00, 0x00, 0x50, 0x20, 0x70, 0x20, 0x20, 0x90, 0x90, 0x60, 0x60,
    0x90, 0x90, 0x08, 0x00, 0x00, 0x90, 0x60, 0x60, 0x90, 0x08, 0x80, 0x80,
    0xe0, 0x90, 0x90, 0x90, 0x00, 0x40, 0x40, 0x60, 0x50, 0x50, 0x50, 0x00,
    0x60, 0x90, 0x10, 0xf0, 0x90, 0x60, 0x00, 0x00, 0x00, 0x60, 0x30, 0xd0,
    0x60, 0x00, 0x70, 0x20, 0x20, 0x20, 0x20, 0x70, 0x00, 0x70, 0x00, 0x60,
    0x20, 0x20, 0x70, 0x00, 0x60, 0x90, 0xf0, 0x90, 0x90, 0x60, 0x00, 0x00,
    0x00, 0x60, 0xf0, 0x90, 0x60, 0x00, 0x90, 0x90, 0x90, 0x90, 0x90, 0x60,
    0x00, 0xf0, 0x00, 0x90, 0x90, 0x90, 0x70, 0x00, 0x00, 0x00, 0x90, 0x50,
    0xa0, 0x90, 0x00, 0x00, 0x00, 0xe0, 0x20, 0x20, 0xf0, 0x00, 0x00, 0x40,
    0x20, 0x20, 0x20, 0xd0, 0x00, 0x00, 0x00, 0xf0, 0x20, 0x20, 0x20, 0x00,
    0x00, 0x00, 0xf0, 0x10, 0x90, 0x90, 0x00, 0x00, 0x40, 0x20, 0x20, 0x20,
    0x20, 0x00, 0x00, 0x00, 0x70, 0x20, 0x20, 0x20, 0x00, 0x00, 0x00, 0xf0,
    0x50, 0x50, 0x50, 0x00, 0x00, 0x00, 0x90, 0x90, 0x90, 0xf0, 0x00, 0x00,
    0x40, 0x20, 0x00, 0x00, 0x00, 0x00, 0x00, 0x00, 0xf0, 0x10, 0x20, 0x20,
    0x00, 0x00, 0x80, 0x70, 0x10, 0x10, 0xe0, 0x00, 0x00, 0x80, 0x70, 0x10,
    0x20, 0x40, 0x00, 0x00, 0x80, 0x70, 0x90, 0x90, 0xf0, 0x00, 0x00, 0x80,
    0x70, 0x90, 0x90, 0xb0, 0x00, 0x00, 0x40, 0x20, 0x40, 0x40, 0x40, 0x00,
    0x00, 0x40, 0x20, 0x20, 0x20, 0x60, 0x00, 0x00, 0x80, 0x78, 0x48, 0x48,
    0x30, 0x00, 0x00, 0x00, 0x90, 0x50, 0x50, 0xf0, 0x00, 0x00, 0x00, 0x70,
    0x90, 0x10, 0x10, 0x00, 0x00, 0x00, 0xf0, 0x90, 0x10, 0xf0, 0x00, 0x00,
    0x00, 0x50, 0x60, 0x40, 0x40, 0x00, 0x00, 0x00, 0x90, 0x60, 0x20, 0xf0,
    0x00, 0x00, 0x00, 0xe0, 0x10, 0xa0, 0x80, 0x00, 0x00, 0x00, 0xf0, 0x10,
    0x10, 0x10, 0x00, 0x00, 0x00, 0xa8, 0xc8, 0x88, 0xf0, 0x00, 0x00, 0x00,
    0xf0, 0x50, 0x50, 0xd0, 0x00, 0x50, 0x60, 0x50, 0x60, 0x40, 0x40, 0x00,
    0x60, 0x50, 0x50, 0x50, 0x50, 0x50, 0x00, 0x20, 0x50, 0x50, 0x70, 0x70,
    0x70, 0x00, 0x40, 0x60, 0x50, 0x50, 0x60, 0x40, 0x00, 0xd0, 0xa0, 0x80,
    0x80, 0x80, 0x80, 0x00, 0xd0, 0xa0, 0x80, 0xc0, 0xa0, 0x80, 0x00, 0x60,
    0x50, 0x60, 0x50, 0x40, 0x40, 0x00, 0xe0, 0x90, 0xa0, 0xc0, 0xa0, 0x80,
    0x00, 0x40, 0x40, 0x60, 0x50, 0x50, 0x50, 0x00, 0x50, 0x50, 0x20, 0x20,
    0x50, 0x50, 0x00, 0x50, 0x70, 0xa8, 0xa8, 0x70, 0x50, 0x00, 0x60, 0x50,
    0x50, 0x60, 0x40, 0x40, 0x00, 0x90, 0x90, 0xd0, 0xb0, 0xd0, 0xb0, 0x00,
    0x20, 0x20, 0x60, 0x30, 0x20, 0x20, 0x00, 0x20, 0x20, 0x20, 0x20, 0x20,
    0x20, 0x00, 0x20, 0x70, 0xa8, 0xa8, 0x70, 0x20, 0x00, 0x20, 0x30, 0x28,
    0xa0, 0x60, 0x20, 0x00, 0xd0, 0xa0, 0x80, 0x80, 0xa0, 0xd0, 0x00, 0xa8,
    0xa8, 0xa8, 0x70, 0x20, 0x20, 0x00, 0x80, 0x90, 0xb0, 0xd0, 0x90, 0x10,
    0x00, 0x20, 0x70, 0xa8, 0x20, 0x20, 0x20, 0x00, 0xe0, 0x90, 0xe0, 0xe0,
    0x90, 0xe0, 0x00, 0x88, 0xd8, 0xa8, 0x88, 0x88, 0x88, 0x00, 0x88, 0xd8,
    0xa8, 0xd8, 0x88, 0x88, 0x00, 0x40, 0x60, 0x50, 0x40, 0x40, 0x40, 0x00,
    0x50, 0x20, 0x50, 0x50, 0x20, 0x50, 0x00, 0x88, 0x88, 0xd8, 0xa8, 0xd8,
    0x88, 0x00, 0x20, 0x50, 0x50, 0x20, 0x50, 0x50, 0x00, 0xa8, 0x70, 0x20,
    0x20, 0x20, 0x20, 0x00, 0xa8, 0x70, 0x70, 0xa8, 0x20, 0x20, 0x00, 0x28,
    0x30, 0x20, 0x20, 0x60, 0xa0, 0x00, 0x20, 0x20, 0x20, 0x70, 0xa8, 0xa8,
    0x00, 0x90, 0xf0, 0x90, 0x90, 0xf0, 0x90, 0x00, 0x00, 0x00, 0x00, 0x20,
    0x00, 0x00, 0x00, 0x00, 0x00, 0x20, 0x00, 0x20, 0x00, 0x00, 0x00, 0x00,
    0x50, 0x20, 0x50, 0x00, 0x00, 0xe0, 0x90, 0xe0, 0x90, 0x90, 0xe0, 0x00,
    0x20, 0x80, 0x80, 0xe0, 0x90, 0xe0, 0x00, 0xe0, 0x90, 0x90, 0x90, 0x90,
    0xe0, 0x00, 0x40, 0x10, 0x10, 0x70, 0x90, 0x70, 0x00, 0xf0, 0x80, 0xe0,
    0x80, 0x80, 0x80, 0x00, 0x80, 0x20, 0x40, 0xe0, 0x40, 0x40, 0x00, 0x90,
    0xf0, 0xf0, 0x90, 0x90, 0x90, 0x00, 0x20, 0x00, 0xa0, 0xf0, 0x90, 0x90,
    0x00, 0xe0, 0x90, 0x90, 0xe0, 0x80, 0x80, 0x00, 0x20, 0x00, 0xe0, 0x90,
    0x90, 0xe0, 0x80, 0x60, 0x90, 0x40, 0x20, 0x90, 0x60, 0x00, 0x20, 0x00,
    0x70, 0xc0, 0x30, 0xe0, 0x00, 0x70, 0x20, 0x20, 0x20, 0x20, 0x20, 0x00,
    0x80, 0x20, 0x70, 0x20, 0x20, 0x10, 0x00, 0x90, 0x90, 0x90, 0xf0, 0xf0,
    0x90, 0x00, 0x40, 0x20, 0x00, 0x90, 0xf0, 0xf0, 0x00, 0x90, 0x90, 0x90,
    0xf0, 0xf0, 0x90, 0x00, 0x20, 0x40, 0x00, 0x90, 0xf0, 0xf0, 0x00, 0x90,
    0x90, 0x90, 0xf0, 0xf0, 0x90, 0x00, 0x00, 0xa0, 0x00, 0x90, 0xf0, 0xf0,
    0x00, 0x50, 0x50, 0x50, 0x20, 0x20, 0x20, 0x00, 0x40, 0x20, 0x00, 0x90,
    0x50, 0x20, 0x40, 0x60, 0x20, 0x70, 0x90, 0xb0, 0x50, 0x00, 0x60, 0x40,
    0x70, 0x90, 0xb0, 0x50, 0x00, 0xe0, 0x50, 0x70, 0x90, 0xb0, 0x50, 0x00,
    0xe0, 0x90, 0x70, 0x90, 0xb0, 0x50, 0x00, 0xd0, 0x60, 0x70, 0x90, 0xb0,
    0x50, 0x00, 0xd0, 0xa0, 0x70, 0x90, 0xb0, 0x50, 0x00, 0x70, 0x20, 0x70,
    0x90, 0xb0, 0x50, 0x00, 0x70, 0x20, 0x70, 0x90, 0xb0, 0x50, 0x00, 0xa0,
    0xd0, 0x50, 0x70, 0x50, 0x50, 0x00, 0xa0, 0xd0, 0x50, 0x70, 0x50, 0x50,
    0x00, 0xa0, 0xd0, 0x50, 0x70, 0x50, 0x50, 0x00, 0xa0, 0xd0, 0x50, 0x70,
    0x50, 0x50, 0x00, 0xa0, 0xd0, 0x50, 0x70, 0x50, 0x50, 0x00, 0xa0, 0xd0,
    0x50, 0x70, 0x50, 0x50, 0x00, 0xa0, 0xd0, 0x50, 0x70, 0x50, 0x50, 0x00,
    0xa0, 0xd0, 0x50, 0x70, 0x50, 0x50, 0x00, 0x30, 0x10, 0x70, 0x20, 0x40,
    0x30, 0x00, 0x30, 0x20, 0x70, 0x20, 0x40, 0x30, 0x00, 0xe0, 0x50, 0xe0,
    0x40, 0x80, 0x60, 0x00, 0xe0, 0x90, 0xe0, 0x40, 0x80, 0x60, 0x00, 0xd0,
    0x60, 0xe0, 0x40, 0x80, 0x60, 0x00, 0xd0, 0xa0, 0xe0, 0x40, 0x80, 0x60,
    0x00, 0xf0, 0xc0, 0x60, 0x40, 0x40, 0x70, 0x00, 0xf0, 0xc0, 0x60, 0x40,
    0x40, 0x70, 0x00, 0xf0, 0xc0, 0x60, 0x40, 0x40, 0x70, 0x00, 0xf0, 0xc0,
    0x60, 0x40, 0x40, 0x70, 0x00, 0xf0, 0xc0, 0x60, 0x40, 0x40, 0x70, 0x00,
    0xf0, 0xc0, 0x60, 0x40, 0x40, 0x70, 0x00, 0x60, 0x20, 0xe0, 0x90, 0x90,
    0x90, 0x10, 0x60, 0x40, 0xe0, 0x90, 0x90, 0x90, 0x10, 0xe0, 0x50, 0xe0,
    0x90, 0x90, 0x90, 0x10, 0xe0, 0x90, 0xe0, 0x90, 0x90, 0x90, 0x10, 0xd0,
    0x60, 0xe0, 0x90, 0x90, 0x90, 0x10, 0xd0, 0xa0, 0xe0, 0x90, 0x90, 0x90,
    0x10, 0x70, 0x20, 0xe0, 0x90, 0x90, 0x90, 0x10, 0x70, 0x20, 0xe0, 0x90,
    0x90, 0x90, 0x10, 0xd0, 0xd0, 0x70, 0x50, 0x50, 0x50, 0x00, 0xd0, 0xd0,
    0x70, 0x50, 0x50, 0x50, 0x00, 0xd0, 0xd0, 0x70, 0x50, 0x50, 0x50, 0x00,
    0xd0, 0xd0, 0x70, 0x50, 0x50, 0x50, 0x00, 0xd0, 0xd0, 0x70, 0x50, 0x50,
    0x50, 0x00, 0xd0, 0xd0, 0x70, 0x50, 0x50, 0x50, 0x00, 0xd0, 0xd0, 0x70,
    0x50, 0x50, 0x50, 0x00, 0xd0, 0xd0, 0x70, 0x50, 0x50, 0x50, 0x00, 0x60,
    0x20, 0x00, 0x40, 0x40, 0x20, 0x00, 0x60, 0x40, 0x00, 0x40, 0x40, 0x20,
    0x00, 0xe0, 0x50, 0x00, 0x40, 0x40, 0x20, 0x00, 0xe0, 0x90, 0x00, 0x40,
    0x40, 0x20, 0x00, 0xd0, 0x60, 0x00, 0x40, 0x40, 0x20, 0x00, 0xd0, 0xa0,
    0x00, 0x40, 0x40, 0x20, 0x00, 0xe0, 0x40, 0x00, 0x40, 0x40, 0x20, 0x00,
    0xe0, 0x40, 0x00, 0x40, 0x40, 0x20, 0x00, 0xf0, 0xa0, 0x20, 0x20, 0x20,
    0x70, 0x00, 0xf0, 0xa0, 0x20, 0x20, 0x20, 0x70, 0x00, 0xf0, 0xa0, 0x20,
    0x20, 0x20, 0x70, 0x00, 0xf0, 0xa0, 0x20, 0x20, 0x20, 0x70, 0x00, 0xf0,
    0xa0, 0x20, 0x20, 0x20, 0x70, 0x00, 0xf0, 0xa0, 0x20, 0x20, 0x20, 0x70,
    0x00, 0xf0, 0xa0, 0x20, 0x20, 0x20, 0x70, 0x00, 0xf0, 0xa0, 0x20, 0x20,
    0x20, 0x70, 0x00, 0x60, 0x20, 0x60, 0x90, 0x90, 0x60, 0x00, 0x60, 0x40,
    0x60, 0x90, 0x90, 0x60, 0x00, 0xe0, 0x50, 0x60, 0x90, 0x90, 0x60, 0x00,
    0xe0, 0x90, 0x60, 0x90, 0x90, 0x60, 0x00, 0xd0, 0x60, 0x60, 0x90, 0x90,
    0x60, 0x00, 0xd0, 0xa0, 0x60, 0x90, 0x90, 0x60, 0x00, 0xa0, 0xd0, 0x50,
    0x50, 0x50, 0x20, 0x00, 0xa0, 0xd0, 0x50, 0x50, 0x50, 0x20, 0x00, 0xa0,
    0xd0, 0x50, 0x50, 0x50, 0x20, 0x00, 0xa0, 0xd0, 0x50, 0x50, 0x50, 0x20,
    0x00, 0xa0, 0xd0, 0x50, 0x50, 0x50, 0x20, 0x00, 0xa0, 0xd0, 0x50, 0x50,
    0x50, 0x20, 0x00, 0x60, 0x20, 0x90, 0x90, 0x90, 0x60, 0x00, 0x60, 0x40,
    0x90, 0x90, 0x90, 0x60, 0x00, 0xe0, 0x50, 0x90, 0x90, 0x90, 0x60, 0x00,
    0xe0, 0x90, 0x90, 0x90, 0x90, 0x60, 0x00, 0xd0, 0x60, 0x90, 0x90, 0x90,
    0x60, 0x00, 0xd0, 0xa0, 0x90, 0x90, 0x90, 0x60, 0x00, 0x70, 0x20, 0x90,
    0x90, 0x90, 0x60, 0x00, 0x70, 0x20, 0x90, 0x90, 0x90, 0x60, 0x00, 0xd0,
    0xd0, 0x50, 0x20, 0x20, 0x20, 0x00, 0xd0, 0xd0, 0x50, 0x20, 0x20, 0x20,
    0x00, 0xd0, 0xd0, 0x50, 0x20, 0x20, 0x20, 0x00, 0xd0, 0xd0, 0x50, 0x20,
    0x20, 0x20, 0x00, 0x60, 0x20, 0x90, 0x90, 0xf0, 0xf0, 0x00, 0x60, 0x40,
    0x90, 0x90, 0xf0, 0xf0, 0x00, 0xe0, 0x50, 0x90, 0x90, 0xf0, 0xf0, 0x00,
    0xe0, 0x90, 0x90, 0x90, 0xf0, 0xf0, 0x00, 0xd0, 0x60, 0x90, 0x90, 0xf0,
    0xf0, 0x00, 0xd0, 0xa0, 0x90, 0x90, 0xf0, 0xf0, 0x00, 0x70, 0x20, 0x90,
    0x90, 0xf0, 0xf0, 0x00, 0x70, 0x20, 0x90, 0x90, 0xf0, 0xf0, 0x00, 0xa0,
    0xd0, 0x50, 0x50, 0x20, 0x50, 0x00, 0xa0, 0xd0, 0x50, 0x50, 0x20, 0x50,
    0x00, 0xa0, 0xd0, 0x50, 0x50, 0x20, 0x50, 0x00, 0xa0, 0xd0, 0x50, 0x50,
    0x20, 0x50, 0x00, 0xa0, 0xd0, 0x50, 0x50, 0x20, 0x50, 0x00, 0xa0, 0xd0,
    0x50, 0x50, 0x20, 0x50, 0x00, 0xa0, 0xd0, 0x50, 0x50, 0x20, 0x50, 0x00,
    0xa0, 0xd0, 0x50, 0x50, 0x20, 0x50, 0x00, 0x40, 0x20, 0x70, 0x90, 0xb0,
    0x50, 0x00, 0x10, 0x20, 0x70, 0x90, 0xb0, 0x50, 0x00, 0x40, 0x20, 0x70,
    0x20, 0x40, 0x30, 0x00, 0x10, 0x20, 0x70, 0x20, 0x40, 0x30, 0x00, 0x80,
    0x40, 0xe0, 0x90, 0x90, 0x90, 0x10, 0x20, 0x40, 0xe0, 0x90, 0x90, 0x90,
    0x10, 0x80, 0x40, 0x00, 0x40, 0x40, 0x20, 0x00, 0x20, 0x40, 0x00, 0x40,
    0x40, 0x20, 0x00, 0x80, 0x40, 0x60, 0x90, 0x90, 0x60, 0x00, 0x20, 0x40,
    0x60, 0x90, 0x90, 0x60, 0x00, 0x40, 0x20, 0x90, 0x90, 0x90, 0x60, 0x00,
    0x20, 0x40, 0x90, 0x90, 0x90, 0x60, 0x00, 0x40, 0x20, 0x90, 0x90, 0xf0,
    0xf0, 0x00, 0x20, 0x40, 0x90, 0x90, 0xf0, 0xf0, 0x00, 0x60, 0x20, 0x70,
    0x90, 0xb0, 0x50, 0x40, 0x60, 0x40, 0x70, 0x90, 0xb0, 0x50, 0x40, 0xe0,
    0x50, 0x70, 0x90, 0xb0, 0x50, 0x40, 0xe0, 0x90, 0x70, 0x90, 0xb0, 0x50,
    0x40, 0xd0, 0x60, 0x70, 0x90, 0xb0, 0x50, 0x40, 0xd0, 0xa0, 0x70, 0x90,
    0xb0, 0x50, 0x40, 0x70, 0x20, 0x70, 0x90, 0xb0, 0x50, 0x40, 0x70, 0x20,
    0x70, 0x90, 0xb0, 0x50, 0x40, 0xa0, 0xd0, 0x50, 0x70, 0x50, 0x50, 0x20,
    0xa0, 0xd0, 0x50, 0x70, 0x50, 0x50, 0x20, 0xa0, 0xd0, 0x50, 0x70, 0x50,
    0x50, 0x20, 0xa0, 0xd0, 0x50, 0x70, 0x50, 0x50, 0x20, 0xa0, 0xd0, 0x50,
    0x70, 0x50, 0x50, 0x20, 0xa0, 0xd0, 0x50, 0x70, 0x50, 0x50, 0x20, 0xa0,
    0xd0, 0x50, 0x70, 0x50, 0x50, 0x20, 0xa0, 0xd0, 0x50, 0x70, 0x50, 0x50,
    0x20, 0x60, 0x20, 0xe0, 0x90, 0x90, 0x10, 0x90, 0x60, 0x40, 0xe0, 0x90,
    0x90, 0x10, 0x90, 0xe0, 0x50, 0xe0, 0x90, 0x90, 0x10, 0x90, 0xe0, 0x90,
    0xe0, 0x90, 0x90, 0x10, 0x90, 0xd0, 0x60, 0xe0, 0x90, 0x90, 0x10, 0x90,
    0xd0, 0xa0, 0xe0, 0x90, 0x90, 0x10, 0x90, 0x70, 0x20, 0xe0, 0x90, 0x90,
    0x10, 0x90, 0x70, 0x20, 0xe0, 0x90, 0x90, 0x10, 0x90, 0xd0, 0xd0, 0x70,
    0x50, 0x50, 0x50, 0x20, 0xd0, 0xd0, 0x70, 0x50, 0x50, 0x50, 0x20, 0xd0,
    0xd0, 0x70, 0x50, 0x50, 0x50, 0x20, 0xd0, 0xd0, 0x70, 0x50, 0x50, 0x50,
    0x20, 0xd0, 0xd0, 0x70, 0x50, 0x50, 0x50, 0x20, 0xd0, 0xd0, 0x70, 0x50,
    0x50, 0x50, 0x20, 0xd0, 0xd0, 0x70, 0x50, 0x50, 0x50, 0x20, 0xd0, 0xd0,
    0x70, 0x50, 0x50, 0x50, 0x20, 0x60, 0x20, 0x90, 0x90, 0xf0, 0xf0, 0x40,
    0x60, 0x40, 0x90, 0x90, 0xf0, 0xf0, 0x40, 0xe0, 0x50, 0x90, 0x90, 0xf0,
    0xf0, 0x40, 0xe0, 0x90, 0x90, 0x90, 0xf0, 0xf0, 0x40, 0xd0, 0x60, 0x90,
    0x90, 0xf0, 0xf0, 0x40, 0xd0, 0xa0, 0x90, 0x90, 0xf0, 0xf0, 0x40, 0x70,
    0x20, 0x90, 0x90, 0xf0, 0xf0, 0x40, 0x70, 0x20, 0x90, 0x90, 0xf0, 0xf0,
    0x40, 0xa0, 0xd0, 0x50, 0x50, 0x20, 0x50, 0x20, 0xa0, 0xd0, 0x50, 0x50,
    0x20, 0x50, 0x20, 0xa0, 0xd0, 0x50, 0x50, 0x20, 0x50, 0x20, 0xa0, 0xd0,
    0x50, 0x50, 0x20, 0x50, 0x20, 0xa0, 0xd0, 0x50, 0x50, 0x20, 0x50, 0x20,
    0xa0, 0xd0, 0x50, 0x50, 0x20, 0x50, 0x20, 0xa0, 0xd0, 0x50, 0x50, 0x20,
    0x50, 0x20, 0xa0, 0xd0, 0x50, 0x50, 0x20, 0x50, 0x20, 0x90, 0x60, 0x70,
    0x90, 0xb0, 0x50, 0x00, 0xf0, 0x00, 0x70, 0x90, 0xb0, 0x50, 0x00, 0x40,
    0x20, 0x70, 0x90, 0xb0, 0x50, 0x40, 0x00, 0x00, 0x70, 0x90, 0xb0, 0x50,
    0x40, 0x10, 0x20, 0x70, 0x90, 0xb0, 0x50, 0x40, 0x70, 0x00, 0x70, 0x90,
    0xb0, 0x50, 0x00, 0x70, 0x00, 0x70, 0x90, 0xb0, 0x50, 0x40, 0x90, 0x60,
    0x60, 0x90, 0xf0, 0x90, 0x00, 0xf0, 0x00, 0x60, 0x90, 0xf0, 0x90, 0x00,
    0xa0, 0xd0, 0x50, 0x70, 0x50, 0x50, 0x00, 0xa0, 0xd0, 0x50, 0x70, 0x50,
    0x50, 0x00, 0x60, 0x90, 0x90, 0xf0, 0x90, 0x90, 0x40, 0x60, 0x20, 0x00,
    0x00, 0x00, 0x00, 0x00, 0x00, 0x00, 0x00, 0x40, 0x40, 0x20, 0x00, 0x60,
    0x20, 0x00, 0x00, 0x00, 0x00, 0x00, 0xe0, 0x00, 0x00, 0x00, 0x00, 0x00,
    0x00, 0xe0, 0xa0, 0x00, 0x00, 0x00, 0x00, 0x00, 0x80, 0x40, 0xe0, 0x90,
    0x90, 0x10, 0x90, 0x00, 0x00, 0xe0, 0x90, 0x90, 0x10, 0x90, 0x20, 0x40,
    0xe0, 0x90, 0x90, 0x10, 0x90, 0x70, 0x00, 0xe0, 0x90, 0x90, 0x90, 0x10,
    0x70, 0x00, 0xe0, 0x90, 0x90, 0x10, 0x90, 0xf0, 0xc0, 0x60, 0x40, 0x40,
    0x70, 0x00, 0xf0, 0xc0, 0x60, 0x40, 0x40, 0x70, 0x00, 0xd0, 0xd0, 0x70,
    0x50, 0x50, 0x50, 0x00, 0xd0, 0xd0, 0x70, 0x50, 0x50, 0x50, 0x00, 0x90,
    0x90, 0xf0, 0x90, 0x90, 0x90, 0x40, 0xe0, 0x50, 0x00, 0x00, 0x00, 0x00,
    0x00, 0xd0, 0x60, 0x00, 0x00, 0x00, 0x00, 0x00, 0xe0, 0x40, 0x00, 0x00,
    0x00, 0x00, 0x00, 0x90, 0x60, 0x40, 0x40, 0x40, 0x20, 0x00, 0xf0, 0x00,
    0x40, 0x40, 0x40, 0x20, 0x00, 0xd0, 0x20, 0x00, 0x20, 0x20, 0x10, 0x00,
    0xb0, 0x40, 0x00, 0x40, 0x40, 0x20, 0x00, 0xe0, 0x00, 0x40, 0x40, 0x40,
    0x20, 0x00, 0xe0, 0xa0, 0x00, 0x40, 0x40, 0x20, 0x00, 0x90, 0x60, 0x70,
    0x20, 0x20, 0x70, 0x00, 0x70, 0x00, 0x70, 0x20, 0x20, 0x70, 0x00, 0xf0,
    0xa0, 0x20, 0x20, 0x20, 0x70, 0x00, 0xf0, 0xa0, 0x20, 0x20, 0x20, 0x70,
    0x00, 0xe0, 0x90, 0x00, 0x00, 0x00, 0x00, 0x00, 0xd0, 0xa0, 0x00, 0x00,
    0x00, 0x00, 0x00, 0xe0, 0x40, 0x00, 0x00, 0x00, 0x00, 0x00, 0x90, 0x60,
    0x90, 0x90, 0x90, 0x60, 0x00, 0xf0, 0x00, 0x90, 0x90, 0x90, 0x60, 0x00,
    0xd0, 0x20, 0x90, 0x90, 0x90, 0x60, 0x00, 0xb0, 0x40, 0x90, 0x90, 0x90,
    0x60, 0x00, 0x60, 0x20, 0x60, 0x90, 0x90, 0xe0, 0x80, 0x60, 0x40, 0x60,
    0x90, 0x90, 0xe0, 0x80, 0x70, 0x00, 0x90, 0x90, 0x90, 0x60, 0x00, 0xf0,
    0x90, 0x00, 0x90, 0x90, 0x60, 0x00, 0x90, 0x60, 0xa0, 0xa0, 0x40, 0x40,
    0x00, 0xf0, 0x00, 0xa0, 0xa0, 0x40, 0x40, 0x00, 0xd0, 0xd0, 0x50, 0x20,
    0x20, 0x20, 0x00, 0xd0, 0xd0, 0x50, 0x20, 0x20, 0x20, 0x00, 0xe0, 0xd0,
    0x50, 0x60, 0x40, 0x40, 0x00, 0xd0, 0x20, 0x00, 0x00, 0x00, 0x00, 0x00,
    0xb0, 0x40, 0x00, 0x00, 0x00, 0x00, 0x00, 0x40, 0x20, 0x00, 0x00, 0x00,
    0x00, 0x00, 0x40, 0x20, 0x90, 0x90, 0xf0, 0xf0, 0x40, 0x00, 0x00, 0x90,
    0x90, 0xf0, 0xf0, 0x40, 0x20, 0x40, 0x90, 0x90, 0xf0, 0xf0, 0x40, 0x70,
    0x00, 0x90, 0x90, 0xf0, 0xf0, 0x00, 0x70, 0x00, 0x90, 0x90, 0xf0, 0xf0,
    0x40, 0xa0, 0xd0, 0x50, 0x50, 0x50, 0x20, 0x00, 0xa0, 0xd0, 0x50, 0x50,
    0x50, 0x20, 0x00, 0xa0, 0xd0, 0x50, 0x50, 0x20, 0x50, 0x00, 0xa0, 0xd0,
    0x50, 0x50, 0x20, 0x50, 0x00, 0x20, 0x50, 0x50, 0x50, 0x20, 0x50, 0x20,
    0x20, 0x40, 0x00, 0x00, 0x00, 0x00, 0x00, 0x60, 0x40, 0x00, 0x00, 0x00,
    0x00, 0x00, 0x00, 0x00, 0x00, 0x70, 0x00, 0x00, 0x00, 0x00, 0x00, 0x00,
    0x70, 0x00, 0x00, 0x00, 0x00, 0x00, 0x00, 0xf0, 0x00, 0x00, 0x00, 0x00,
    0x00, 0x00, 0xf0, 0x00, 0x00, 0x00, 0x00, 0x00, 0x00, 0xf8, 0x00, 0x00,
    0x00, 0x00, 0x00, 0x00, 0xf8, 0x00, 0x00, 0x00, 0x50, 0x50, 0x50, 0x50,
    0x50, 0x50, 0x00, 0x00, 0x00, 0x00, 0x00, 0xf0, 0x00, 0xf0, 0x20, 0x40,
    0x60, 0x00, 0x00, 0x00, 0x00, 0x60, 0x20, 0x40, 0x00, 0x00, 0x00, 0x00,
    0x00, 0x00, 0x00, 0x00, 0x60, 0x20, 0x40, 0x60, 0x40, 0x20, 0x00, 0x00,
    0x00, 0x00, 0x50, 0xa0, 0xa0, 0x00, 0x00, 0x00, 0x00, 0x50, 0x50, 0xa0,
    0x00, 0x00, 0x00, 0x00, 0x00, 0x00, 0x00, 0x00, 0x50, 0x50, 0xa0, 0xa0,
    0xa0, 0x50, 0x00, 0x00, 0x00, 0x00, 0x00, 0x20, 0x70, 0x20, 0x20, 0x20,
    0x00, 0x00, 0x20, 0x70, 0x20, 0x70, 0x20, 0x00, 0x00, 0x00, 0x60, 0xf0,
    0xf0, 0x60, 0x00, 0x00, 0x40, 0x60, 0x70, 0x60, 0x40, 0x00, 0x00, 0x00,
    0x00, 0x00, 0x00, 0x20, 0x00, 0x00, 0x00, 0x00, 0x00, 0x00, 0x50, 0x00,
    0x00, 0x00, 0x00, 0x00, 0x00, 0xa8, 0x00, 0x00, 0x00, 0x00, 0x60, 0x00,
    0x00, 0x00, 0x80, 0x90, 0x20, 0x40, 0xa8, 0x28, 0x00, 0x20, 0x20, 0x40,
    0x00, 0x00, 0x00, 0x00, 0x50, 0x50, 0xa0, 0x00, 0x00, 0x00, 0x00, 0x70,
    0x70, 0xe0, 0x00, 0x00, 0x00, 0x00, 0x40, 0x40, 0x20, 0x00, 0x00, 0x00,
    0x00, 0xa0, 0xa0, 0x50, 0x00, 0x00, 0x00, 0x00, 0xe0, 0xe0, 0x70, 0x00,
    0x00, 0x00, 0x00, 0x00, 0x00, 0x20, 0x40, 0x20, 0x00, 0x00, 0x00, 0x00,
    0x40, 0x20, 0x40, 0x00, 0x00, 0x50, 0x50, 0x50, 0x50, 0x00, 0x50, 0x00,
    0xf8, 0x00, 0x00, 0x00, 0x00, 0x00, 0x00, 0x00, 0x10, 0x20, 0x40, 0x80,
    0x00, 0x00, 0x20, 0x50, 0x50, 0x20, 0x00, 0x00, 0x00, 0x20, 0x00, 0x20,
    0x20, 0x00, 0x00, 0x00, 0x20, 0x60, 0x70, 0x20, 0x00, 0x00, 0x00, 0x70,
    0x60, 0x10, 0x60, 0x00, 0x00, 0x00, 0x30, 0x60, 0x50, 0x20, 0x00, 0x00,
    0x00, 0x70, 0x10, 0x20, 0x20, 0x00, 0x00, 0x00, 0x20, 0x50, 0x20, 0x50,
    0x20, 0x00, 0x00, 0x20, 0x50, 0x30, 0x60, 0x00, 0x00, 0x00, 0x00, 0x20,
    0x70, 0x20, 0x00, 0x00, 0x00, 0x00, 0x00, 0x70, 0x00, 0x00, 0x00, 0x00,
    0x00, 0x70, 0x00, 0x70, 0x00, 0x00, 0x00, 0x20, 0x40, 0x40, 0x20, 0x00,
    0x00, 0x00, 0x20, 0x10, 0x10, 0x20, 0x00, 0x00, 0x00, 0x00, 0x60, 0x50,
    0x50, 0x00, 0x00, 0x00, 0x00, 0x00, 0x00, 0x20, 0x50, 0x50, 0x20, 0x00,
    0x00, 0x00, 0x20, 0x60, 0x20, 0x70, 0x00, 0x00, 0x00, 0x60, 0x20, 0x40,
    0x60, 0x00, 0x00, 0x00, 0x60, 0x60, 0x20, 0x60, 0x00, 0x00, 0x00, 0x20,
    0x60, 0x70, 0x20, 0x00, 0x00, 0x00, 0x70, 0x60, 0x10, 0x60, 0x00, 0x00,
    0x00, 0x30, 0x60, 0x50, 0x20, 0x00, 0x00, 0x00, 0x70, 0x10, 0x20, 0x20,
    0x00, 0x00, 0x20, 0x50, 0x20, 0x50, 0x20, 0x00, 0x00, 0x00, 0x20, 0x50,
    0x30, 0x60, 0x00, 0x00, 0x00, 0x00, 0x20, 0x70, 0x20, 0x00, 0x00, 0x00,
    0x00, 0x00, 0x70, 0x00, 0x00, 0x00, 0x00, 0x00, 0x70, 0x00, 0x70, 0x00,
    0x00, 0x00, 0x20, 0x40, 0x40, 0x20, 0x00, 0x00, 0x00, 0x20, 0x10, 0x10,
    0x20, 0xf0, 0x80, 0xd8, 0xa0, 0xa0, 0xa0, 0x00, 0x30, 0x40, 0xe0, 0xe0,
    0x40, 0xb0, 0x00, 0x60, 0x50, 0xf8, 0x70, 0x40, 0x40, 0x00, 0x10, 0x38,
    0x70, 0x90, 0x90, 0x70, 0xf0, 0x30, 0x40, 0xe0, 0xe0, 0x40, 0x30, 0x00,
    0x40, 0x60, 0xd0, 0x50, 0xd0, 0xe0, 0x00, 0x40, 0xf8, 0x00, 0x00, 0x00,
    0x00, 0x00, 0x10, 0xf8, 0x00, 0x00, 0x00, 0x00, 0x00, 0x20, 0x20, 0x20,
    0x20, 0x20, 0x20, 0x20, 0x00, 0x20, 0x20, 0x20, 0x20, 0x20, 0x20, 0xa0,
    0xd0, 0xd0, 0x00, 0x00, 0x00, 0x00, 0x50, 0xb0, 0xb0, 0x00, 0x00, 0x00,
    0x00, 0x40, 0xf8, 0x40, 0x00, 0x00, 0x00, 0x00, 0x10, 0xf8, 0x10, 0x00,
    0x00, 0x00, 0x00, 0x60, 0xd0, 0xc0, 0xc0, 0xd0, 0x60, 0x00, 0x60, 0x80,
    0x70, 0x60, 0xa0, 0x50, 0x20, 0x30, 0x30, 0x30, 0x20, 0x20, 0x50, 0x00,
    0xc8, 0xc8, 0xe8, 0xd8, 0xc8, 0xc8, 0x00, 0xc0, 0xa0, 0xa0, 0xb0, 0xa8,
    0xb0, 0x00, 0x60, 0xd0, 0xd0, 0xd0, 0xf0, 0x70, 0x10, 0xe0, 0xd0, 0xd0,
    0xf0, 0xe0, 0xd0, 0x00, 0x70, 0x20, 0x20, 0x00, 0xf8, 0xa8, 0xa8, 0xf0,
    0x30, 0x60, 0x60, 0xc0, 0xf0, 0x00, 0x20, 0x50, 0x50, 0x50, 0x20, 0x70,
    0x00, 0x70, 0x20, 0x50, 0x50, 0x50, 0x20, 0x00, 0x00, 0x00, 0x70, 0xd8,
    0xe0, 0x70, 0x00, 0x80, 0x80, 0x80, 0xb0, 0x30, 0x30, 0x30, 0xc0, 0xc0,
    0x40, 0xf0, 0x30, 0x30, 0x30, 0xc0, 0x80, 0x40, 0xb0, 0x30, 0x30, 0x30,
    0xc0, 0x40, 0x80, 0xb0, 0x30, 0x30, 0x30, 0x00, 0x00, 0x40, 0xf0, 0x40,
    0x00, 0x00, 0x20, 0x70, 0x20, 0x20, 0x20, 0x20, 0x00, 0x00, 0x00, 0x20,
    0xf0, 0x20, 0x00, 0x00, 0x20, 0x20, 0x20, 0x20, 0x70, 0x20, 0x00, 0x00,
    0x00, 0x50, 0xf8, 0x50, 0x00, 0x00, 0x20, 0x70, 0x20, 0x20, 0x70, 0x20,
    0x00, 0x00, 0x00, 0x50, 0xf0, 0x50, 0x00, 0x00, 0x20, 0x70, 0x20, 0x20,
    0x20, 0x70, 0x00, 0x00, 0x00, 0xa0, 0xf0, 0xa0, 0x00, 0x00, 0x70, 0x20,
    0x20, 0x20, 0x70, 0x20, 0x00, 0x20, 0x70, 0x20, 0x20, 0x70, 0x20, 0x70,
    0x10, 0xf8, 0x10, 0x40, 0xf8, 0x40, 0x00, 0x40, 0xf8, 0x40, 0x10, 0xf8,
    0x10, 0x00, 0x00, 0x40, 0xf0, 0x00, 0xf0, 0x20, 0x00, 0x00, 0x20, 0xf0,
    0x00, 0xf0, 0x40, 0x00, 0x10, 0x20, 0x78, 0x80, 0x78, 0x20, 0x10, 0x20,
    0x50, 0xd8, 0x50, 0x50, 0x50, 0x00, 0x40, 0x20, 0xf0, 0x08, 0xf0, 0x20,
    0x40, 0x50, 0x50, 0x50, 0xd8, 0x50, 0x20, 0x00, 0x00, 0x20, 0x70, 0x88,
    0x70, 0x20, 0x00, 0x20, 0x50, 0xd8, 0x50, 0xd8, 0x50, 0x20, 0x90, 0x90,
    0xf0, 0x90, 0x90, 0x60, 0x00, 0x20, 0x50, 0x40, 0x40, 0x50, 0x20, 0x00,
    0x20, 0x10, 0x30, 0x50, 0x50, 0x20, 0x00, 0xf0, 0x10, 0x70, 0x10, 0x10,
    0xf0, 0x00, 0x20, 0xf0, 0x50, 0x70, 0x50, 0xf0, 0x40, 0x10, 0x70, 0xb0,
    0xd0, 0xd0, 0xe0, 0x80, 0x20, 0x20, 0x50, 0x50, 0x88, 0xf8, 0x00, 0xf8,
    0x88, 0x50, 0x50, 0x20, 0x20, 0x00, 0x00, 0x70, 0x80, 0xf0, 0x80, 0x70,
    0x00, 0x10, 0x70, 0xa0, 0xf0, 0xa0, 0x70, 0x40, 0x00, 0x30, 0x40, 0x70,
    0x40, 0x30, 0x00, 0x00, 0xe0, 0x10, 0xf0, 0x10, 0xe0, 0x00, 0x20, 0xe0,
    0x50, 0xf0, 0x50, 0xe0, 0x80, 0x00, 0x60, 0x10, 0x70, 0x10, 0x60, 0x00,
    0x00, 0xf0, 0xf0, 0xf0, 0xf0, 0xf0, 0x00, 0xf8, 0x50, 0x50, 0x50, 0x50,
    0xd8, 0x00, 0xd8, 0x50, 0x50, 0x50, 0x50, 0xf8, 0x00, 0xf0, 0x40, 0x20,
    0x40, 0x80, 0xf0, 0x00, 0x00, 0x00, 0x00, 0xf8, 0x00, 0x00, 0x00, 0xf8,
    0x20, 0x20, 0xf8, 0x20, 0x20, 0x00, 0x20, 0x00, 0x20, 0x20, 0xf8, 0x20,
    0x20, 0x10, 0x10, 0x20, 0x40, 0x80, 0x80, 0x00, 0x00, 0x00, 0x80, 0x40,
    0x20, 0x10, 0x00, 0x00, 0x20, 0xa8, 0x70, 0xa8, 0x20, 0x00, 0x00, 0x00,
    0x20, 0x50, 0x20, 0x00, 0x00, 0x00, 0x00, 0x20, 0x70, 0x20, 0x00, 0x00,
    0x08, 0x10, 0x10, 0x20, 0xa0, 0x40, 0x00, 0x88, 0xd0, 0x90, 0x20, 0xa0,
    0x40, 0x00, 0x88, 0xd0, 0x50, 0x20, 0xa0, 0x40, 0x00, 0x00, 0x00, 0x50,
    0xa0, 0xa0, 0x50, 0x00, 0x00, 0x00, 0x50, 0xa8, 0xa8, 0x50, 0x00, 0x00,
    0x00, 0x80, 0x80, 0x80, 0xf0, 0x00, 0x00, 0x00, 0x10, 0x20, 0x40, 0xf0,
    0x00, 0x00, 0x00, 0x10, 0xa0, 0x40, 0xf0, 0x20, 0x00, 0x50, 0x60, 0xa0,
    0x60, 0x50, 0x00, 0x20, 0x20, 0x20, 0x20, 0x20, 0x20, 0x00, 0x20, 0x20,
    0x30, 0x60, 0x20, 0x20, 0x00, 0x50, 0x50, 0x50, 0x50, 0x50, 0x50, 0x00,
    0x50, 0x58, 0x70, 0x70, 0xd0, 0x50, 0x00, 0x00, 0x00, 0x20, 0x20, 0x50,
    0x50, 0x00, 0x00, 0x00, 0x50, 0x50, 0x20, 0x20, 0x00, 0x00, 0x00, 0x60,
    0x90, 0x90, 0x90, 0x00, 0x00, 0x00, 0x90, 0x90, 0x90, 0x60, 0x00, 0x10,
    0x28, 0x20, 0x20, 0x20, 0xa0, 0x40, 0x28, 0x50, 0x50, 0x50, 0x50, 0x50,
    0xa0, 0x38, 0x70, 0x70, 0x70, 0x70, 0x70, 0xe0, 0x10, 0x28, 0x70, 0xa8,
    0x70, 0xa0, 0x40, 0x28, 0x50, 0x70, 0xd8, 0x70, 0x50, 0xa0, 0x38, 0x70,
    0x70, 0xf8, 0x70, 0x70, 0xe0, 0x00, 0x00, 0x20, 0x00, 0x50, 0x00, 0x00,
    0x00, 0x00, 0x50, 0x00, 0x20, 0x00, 0x00, 0x00, 0x00, 0x20, 0x00, 0x00,
    0x20, 0x00, 0x00, 0x00, 0x90, 0x00, 0x00, 0x90, 0x00, 0x00, 0x00, 0x20,
    0x00, 0xf8, 0x00, 0x00, 0x00, 0x00, 0x10, 0xc0, 0x10, 0x00, 0x00, 0x00,
    0x90, 0x00, 0xf0, 0x00, 0x90, 0x00, 0x00, 0x00, 0x00, 0x50, 0xa0, 0x00,
    0x00, 0x00, 0x50, 0xa0, 0x00, 0xf0, 0x00, 0x00, 0x50, 0xa0, 0x00, 0xf0,
    0x00, 0xf0, 0x00, 0x00, 0x50, 0xa0, 0x00, 0x50, 0xa0, 0x00, 0x10, 0x50,
    0xa0, 0x20, 0x50, 0xa0, 0x80, 0x20, 0x50, 0x00, 0xf0, 0x00, 0xf0, 0x00,
    0x50, 0x20, 0x00, 0xf0, 0x00, 0xf0, 0x00, 0x60, 0x20, 0x00, 0x20, 0xf0,
    0x00, 0xf0, 0x00, 0x10, 0xf0, 0x20, 0xf0, 0x40, 0x00, 0x00, 0xf0, 0x00,
    0xf0, 0x00, 0xf0, 0x00, 0x10, 0xf0, 0x20, 0xf0, 0x20, 0xf0, 0x40, 0xf0,
    0x00, 0xf0, 0x00, 0xf0, 0x00, 0xf0, 0x10, 0x20, 0x40, 0x20, 0x10, 0x70,
    0x00, 0x40, 0x20, 0x10, 0x20, 0x40, 0x70, 0x00, 0x00, 0x28, 0x50, 0xa0,
    0x50, 0x28, 0x00, 0x00, 0xa0, 0x50, 0x28, 0x50, 0xa0, 0x00, 0x00, 0x00,
    0x70, 0x80, 0x80, 0x70, 0x00, 0x00, 0x00, 0xe0, 0x10, 0x10, 0xe0, 0x00,
    0x00, 0x20, 0x70, 0xa0, 0xa0, 0x70, 0x20, 0x00, 0x40, 0xe0, 0x50, 0x50,
    0xe0, 0x40, 0x00, 0x70, 0x80, 0x70, 0x00, 0xf0, 0x00, 0x00, 0xe0, 0x10,
    0xe0, 0x00, 0xf0, 0x00, 0x20, 0x70, 0xa0, 0x70, 0x20, 0xf0, 0x20, 0x40,
    0xe0, 0x50, 0xe0, 0x40, 0xf0, 0x40, 0x00, 0x70, 0x80, 0x70, 0x20, 0xf0,
    0x20, 0x00, 0xe0, 0x10, 0xe0, 0x40, 0xf0, 0x40, 0x00, 0x70, 0xa8, 0xf8,
    0xa8, 0x70, 0x00, 0x00, 0x70, 0x88, 0xf8, 0x88, 0x70, 0x00, 0x00, 0x70,
    0xd8, 0xa8, 0xd8, 0x70, 0x00, 0x00, 0x70, 0x98, 0xa8, 0xc8, 0x70, 0x00,
    0x00, 0x70, 0x88, 0xa8, 0x88, 0x70, 0x00, 0x00, 0x80, 0x80, 0xf0, 0x80,
    0x80, 0x00, 0x00, 0x10, 0x10, 0xf0, 0x10, 0x10, 0x00, 0x70, 0x20, 0x20,
    0x20, 0x20, 0x20, 0x00, 0x20, 0x20, 0x20, 0x20, 0x20, 0x70, 0x00, 0x00,
    0x40, 0x40, 0x70, 0x40, 0x40, 0x00, 0x00, 0x40, 0x70, 0x40, 0x70, 0x40,
    0x00, 0x00, 0x80, 0xf0, 0x80, 0xf0, 0x80, 0x00, 0x60, 0x90, 0x90, 0x90,
    0x90, 0x90, 0x00, 0x90, 0x90, 0x90, 0x90, 0x90, 0x60, 0x00, 0x00, 0x00,
    0x00, 0x20, 0x00, 0x00, 0x00, 0x00, 0x20, 0x00, 0x20, 0x00, 0x20, 0x00,
    0x00, 0x00, 0x00, 0xa8, 0x00, 0x00, 0x00, 0x00, 0x08, 0x00, 0x20, 0x00,
    0x80, 0x00, 0x00, 0x80, 0x00, 0x20, 0x00, 0x08, 0x00, 0x00, 0x78, 0x98,
    0xa8, 0xc8, 0xf0, 0x00, 0x00, 0x20, 0x50, 0x88, 0x88, 0xf8, 0x00, 0x70,
    0x40, 0x40, 0x40, 0x40, 0x40, 0x00, 0x70, 0x10, 0x10, 0x10, 0x10, 0x10,
    0x00, 0x40, 0x40, 0x40, 0x40, 0x40, 0x70, 0x00, 0x10, 0x10, 0x10, 0x10,
    0x10, 0x70, 0x00, 0x00, 0x00, 0x00, 0xf0, 0x80, 0x00, 0x00, 0x10, 0x28,
    0x20, 0x20, 0x20, 0x20, 0x20, 0x20, 0x20, 0x20, 0x20, 0x20, 0xa0, 0x40,
    0xf8, 0x00, 0x00, 0x00, 0x00, 0x00, 0x00, 0x00, 0xf8, 0x00, 0x00, 0x00,
    0x00, 0x00, 0x00, 0x00, 0x00, 0x00, 0x00, 0xf8, 0x00, 0x00, 0x00, 0x00,
    0x00, 0x00, 0x00, 0xf8, 0xa0, 0xe0, 0xa0, 0x70, 0x20, 0x20, 0x00, 0x80,
    0x80, 0xf0, 0x20, 0x30, 0x20, 0x00, 0xa0, 0xa0, 0x78, 0x50, 0x10, 0x10,
    0x00, 0xe0, 0x80, 0xf8, 0xa0, 0x30, 0x20, 0x00, 0x60, 0x80, 0xe0, 0x50,
    0x60, 0x50, 0x00, 0x00, 0x00, 0x00, 0x00, 0x90, 0xf0, 0x00, 0xc0, 0xa0,
    0xa0, 0xa0, 0x20, 0x38, 0x00, 0x00, 0x00, 0x00, 0xf8, 0x00, 0x00, 0x00,
    0x00, 0x00, 0xf8, 0xf8, 0x00, 0x00, 0x00, 0x20, 0x20, 0x20, 0x20, 0x20,
    0x20, 0x20, 0x30, 0x30, 0x30, 0x30, 0x30, 0x30, 0x30, 0x00, 0x00, 0x00,
    0xa8, 0x00, 0x00, 0x00, 0x00, 0x00, 0xa8, 0xa8, 0x00, 0x00, 0x00, 0x20,
    0x00, 0x20, 0x20, 0x00, 0x20, 0x00, 0x30, 0x00, 0x30, 0x30, 0x00, 0x30,
    0x00, 0x00, 0x00, 0x00, 0xa8, 0x00, 0x00, 0x00, 0x00, 0x00, 0xa8, 0xa8,
    0x00, 0x00, 0x00, 0x20, 0x00, 0x20, 0x00, 0x20, 0x00, 0x20, 0x30, 0x00,
    0x30, 0x00, 0x30, 0x00, 0x30, 0x00, 0x00, 0x00, 0x38, 0x20, 0x20, 0x20,
    0x00, 0x00, 0x38, 0x38, 0x20, 0x20, 0x20, 0x00, 0x00, 0x00, 0x38, 0x30,
    0x30, 0x30, 0x00, 0x00, 0x38, 0x38, 0x30, 0x30, 0x30, 0x00, 0x00, 0x00,
    0xe0, 0x20, 0x20, 0x20, 0x00, 0x00, 0xe0, 0xe0, 0x20, 0x20, 0x20, 0x00,
    0x00, 0x00, 0xf0, 0x30, 0x30, 0x30, 0x00, 0x00, 0xf0, 0xf0, 0x30, 0x30,
    0x30, 0x20, 0x20, 0x20, 0x38, 0x00, 0x00, 0x00, 0x20, 0x20, 0x38, 0x38,
    0x00, 0x00, 0x00, 0x30, 0x30, 0x30, 0x38, 0x00, 0x00, 0x00, 0x30, 0x30,
    0x38, 0x38, 0x00, 0x00, 0x00, 0x20, 0x20, 0x20, 0xe0, 0x00, 0x00, 0x00,
    0x20, 0x20, 0xe0, 0xe0, 0x00, 0x00, 0x00, 0x30, 0x30, 0x30, 0xf0, 0x00,
    0x00, 0x00, 0x30, 0x30, 0xf0, 0xf0, 0x00, 0x00, 0x00, 0x20, 0x20, 0x20,
    0x38, 0x20, 0x20, 0x20, 0x20, 0x20, 0x38, 0x38, 0x20, 0x20, 0x20, 0x30,
    0x30, 0x30, 0x38, 0x20, 0x20, 0x20, 0x20, 0x20, 0x20, 0x38, 0x30, 0x30,
    0x30, 0x30, 0x30, 0x30, 0x38, 0x30, 0x30, 0x30, 0x30, 0x30, 0x38, 0x38,
    0x20, 0x20, 0x20, 0x20, 0x20, 0x38, 0x38, 0x30, 0x30, 0x30, 0x30, 0x30,
    0x38, 0x38, 0x30, 0x30, 0x30, 0x20, 0x20, 0x20, 0xe0, 0x20, 0x20, 0x20,
    0x20, 0x20, 0xe0, 0xe0, 0x20, 0x20, 0x20, 0x30, 0x30, 0x30, 0xf0, 0x20,
    0x20, 0x20, 0x20, 0x20, 0x20, 0xf0, 0x30, 0x30, 0x30, 0x30, 0x30, 0x30,
    0xf0, 0x30, 0x30, 0x30, 0x30, 0x30, 0xf0, 0xf0, 0x20, 0x20, 0x20, 0x20,
    0x20, 0xf0, 0xf0, 0x30, 0x30, 0x30, 0x30, 0x30, 0xf0, 0xf0, 0x30, 0x30,
    0x30, 0x00, 0x00, 0x00, 0xf8, 0x20, 0x20, 0x20, 0x00, 0x00, 0xe0, 0xf8,
    0x20, 0x20, 0x20, 0x00, 0x00, 0x38, 0xf8, 0x20, 0x20, 0x20, 0x00, 0x00,
    0xf8, 0xf8, 0x20, 0x20, 0x20, 0x00, 0x00, 0x00, 0xf8, 0x30, 0x30, 0x30,
    0x00, 0x00, 0xe0, 0xf8, 0x30, 0x30, 0x30, 0x00, 0x00, 0x18, 0xf8, 0x30,
    0x30, 0x30, 0x00, 0x00, 0xf8, 0xf8, 0x30, 0x30, 0x30, 0x20, 0x20, 0x20,
    0xf8, 0x00, 0x00, 0x00, 0x20, 0x20, 0xe0, 0xf8, 0x00, 0x00, 0x00, 0x20,
    0x20, 0x38, 0xf8, 0x00, 0x00, 0x00, 0x20, 0x20, 0xf8, 0xf8, 0x00, 0x00,
    0x00, 0x30, 0x30, 0x30, 0xf8, 0x00, 0x00, 0x00, 0x30, 0x30, 0xf0, 0xf8,
    0x00, 0x00, 0x00, 0x30, 0x30, 0x38, 0xf8, 0x00, 0x00, 0x00, 0x30, 0x30,
    0xf8, 0xf8, 0x00, 0x00, 0x00, 0x20, 0x20, 0x20, 0xf8, 0x20, 0x20, 0x20,
    0x20, 0x20, 0xe0, 0xf8, 0x20, 0x20, 0x20, 0x20, 0x20, 0x38, 0xf8, 0x20,
    0x20, 0x20, 0x20, 0x20, 0xf8, 0xf8, 0x20, 0x20, 0x20, 0x30, 0x30, 0x30,
    0xf8, 0x20, 0x20, 0x20, 0x20, 0x20, 0x20, 0xf8, 0x30, 0x30, 0x30, 0x30,
    0x30, 0x30, 0xf8, 0x30, 0x30, 0x30, 0x30, 0x30, 0xf0, 0xf8, 0x20, 0x20,
    0x20, 0x30, 0x30, 0x38, 0xf8, 0x20, 0x20, 0x20, 0x20, 0x20, 0xe0, 0xf8,
    0x30, 0x30, 0x30, 0x20, 0x20, 0x38, 0xf8, 0x30, 0x30, 0x30, 0x30, 0x30,
    0xf8, 0xf8, 0x20, 0x20, 0x20, 0x20, 0x20, 0xf8, 0xf8, 0x30, 0x30, 0x30,
    0x30, 0x30, 0xf0, 0xf8, 0x30, 0x30, 0x30, 0x30, 0x30, 0x38, 0xf8, 0x30,
    0x30, 0x30, 0x30, 0x30, 0xf8, 0xf8, 0x30, 0x30, 0x30, 0x00, 0x00, 0x00,
    0xd0, 0x00, 0x00, 0x00, 0x00, 0x00, 0xd0, 0xd0, 0x00, 0x00, 0x00, 0x20,
    0x20, 0x20, 0x00, 0x20, 0x20, 0x00, 0x30, 0x30, 0x30, 0x00, 0x30, 0x30,
    0x00, 0x00, 0x00, 0xf8, 0x00, 0xf8, 0x00, 0x00, 0x50, 0x50, 0x50, 0x50,
    0x50, 0x50, 0x50, 0x00, 0x00, 0x38, 0x20, 0x38, 0x20, 0x20, 0x00, 0x00,
    0x00, 0x78, 0x50, 0x50, 0x50, 0x00, 0x00, 0x78, 0x40, 0x58, 0x50, 0x50,
    0x00, 0x00, 0xe0, 0x20, 0xe0, 0x20, 0x20, 0x00, 0x00, 0x00, 0xf0, 0x50,
    0x50, 0x50, 0x00, 0x00, 0xf0, 0x10, 0xd0, 0x50, 0x50, 0x20, 0x20, 0x38,
    0x20, 0x38, 0x00, 0x00, 0x50, 0x50, 0x50, 0x78, 0x00, 0x00, 0x00, 0x50,
    0x50, 0x58, 0x40, 0x78, 0x00, 0x00, 0x20, 0x20, 0xe0, 0x20, 0xe0, 0x00,
    0x00, 0x50, 0x50, 0x50, 0xf0, 0x00, 0x00, 0x00, 0x50, 0x50, 0xd0, 0x10,
    0xf0, 0x00, 0x00, 0x20, 0x20, 0x38, 0x20, 0x38, 0x20, 0x20, 0x50, 0x50,
    0x50, 0x58, 0x50, 0x50, 0x50, 0x50, 0x50, 0x58, 0x40, 0x58, 0x50, 0x50,
    0x20, 0x20, 0xe0, 0x20, 0xe0, 0x20, 0x20, 0x50, 0x50, 0x50, 0xd0, 0x50,
    0x50, 0x50, 0x50, 0x50, 0xd0, 0x10, 0xd0, 0x50, 0x50, 0x00, 0x00, 0xf8,
    0x00, 0xf8, 0x20, 0x20, 0x00, 0x00, 0x00, 0xf8, 0x50, 0x50, 0x50, 0x00,
    0x00, 0xf8, 0x00, 0xd8, 0x50, 0x50, 0x20, 0x20, 0xf8, 0x00, 0xf8, 0x00,
    0x00, 0x50, 0x50, 0x50, 0xf8, 0x00, 0x00, 0x00, 0x50, 0x50, 0xd8, 0x00,
    0xf8, 0x00, 0x00, 0x20, 0x20, 0xf8, 0x20, 0xf8, 0x20, 0x20, 0x50, 0x50,
    0x50, 0xf8, 0x50, 0x50, 0x50, 0x50, 0x50, 0xd8, 0x00, 0xd8, 0x50, 0x50,
    0x00, 0x00, 0x00, 0x18, 0x20, 0x20, 0x20, 0x00, 0x00, 0x00, 0xc0, 0x20,
    0x20, 0x20, 0x20, 0x20, 0x20, 0xc0, 0x00, 0x00, 0x00, 0x20, 0x20, 0x20,
    0x18, 0x00, 0x00, 0x00, 0x08, 0x10, 0x10, 0x20, 0x40, 0x40, 0x80, 0x80,
    0x40, 0x40, 0x20, 0x10, 0x10, 0x08, 0x88, 0x50, 0x50, 0x20, 0x50, 0x50,
    0x88, 0x00, 0x00, 0x00, 0xe0, 0x00, 0x00, 0x00, 0x20, 0x20, 0x20, 0x20,
    0x00, 0x00, 0x00, 0x00, 0x00, 0x00, 0x38, 0x00, 0x00, 0x00, 0x00, 0x00,
    0x00, 0x20, 0x20, 0x20, 0x20, 0x00, 0x00, 0xe0, 0xe0, 0x00, 0x00, 0x00,
    0x30, 0x30, 0x30, 0x30, 0x00, 0x00, 0x00, 0x00, 0x00, 0x38, 0x38, 0x00,
    0x00, 0x00, 0x00, 0x00, 0x00, 0x30, 0x30, 0x30, 0x30, 0x00, 0x00, 0x38,
    0xf8, 0x00, 0x00, 0x00, 0x20, 0x20, 0x20, 0x30, 0x30, 0x30, 0x30, 0x00,
    0x00, 0xe0, 0xf8, 0x00, 0x00, 0x00, 0x30, 0x30, 0x30, 0x30, 0x20, 0x20,
    0x20, 0xf8, 0xf8, 0xf8, 0x00, 0x00, 0x00, 0x00, 0x00, 0x00, 0x00, 0x00,
    0x00, 0x00, 0xf8, 0x00, 0x00, 0x00, 0x00, 0x00, 0xf8, 0xf8, 0x00, 0x00,
    0x00, 0x00, 0xf8, 0xf8, 0xf8, 0x00, 0x00, 0x00, 0xf8, 0xf8, 0xf8, 0xf8,
    0x00, 0x00, 0x00, 0xf8, 0xf8, 0xf8, 0xf8, 0x00, 0x00, 0xf8, 0xf8, 0xf8,
    0xf8, 0xf8, 0x00, 0xf8, 0xf8, 0xf8, 0xf8, 0xf8, 0xf8, 0xf8, 0xf8, 0xf8,
    0xf8, 0xf8, 0xf8, 0xf8, 0xf0, 0xf0, 0xf0, 0xf0, 0xf0, 0xf0, 0xf0, 0xf0,
    0xf0, 0xf0, 0xf0, 0xf0, 0xf0, 0xf0, 0xe0, 0xe0, 0xe0, 0xe0, 0xe0, 0xe0,
    0xe0, 0xe0, 0xe0, 0xe0, 0xe0, 0xe0, 0xe0, 0xe0, 0xc0, 0xc0, 0xc0, 0xc0,
    0xc0, 0xc0, 0xc0, 0x80, 0x80, 0x80, 0x80, 0x80, 0x80, 0x80, 0x80, 0x80,
    0x80, 0x80, 0x80, 0x80, 0x80, 0x18, 0x18, 0x18, 0x18, 0x18, 0x18, 0x18,
    0x40, 0x10, 0x40, 0x10, 0x40, 0x10, 0x00, 0xa8, 0x50, 0xa8, 0x50, 0xa8,
    0x50, 0xa8, 0xb8, 0xe8, 0xb8, 0xe8, 0xb8, 0xe8, 0xf8, 0xf8, 0x00, 0x00,
    0x00, 0x00, 0x00, 0x00, 0x08, 0x08, 0x08, 0x08, 0x08, 0x08, 0x08, 0x00,
    0x00, 0x00, 0xe0, 0xe0, 0xe0, 0xe0, 0x00, 0x00, 0x00, 0x18, 0x18, 0x18,
    0x18, 0xe0, 0xe0, 0xe0, 0x00, 0x00, 0x00, 0x00, 0xe0, 0xe0, 0xe0, 0xf8,
    0xf8, 0xf8, 0xf8, 0xe0, 0xe0, 0xe0, 0x18, 0x18, 0x18, 0x18, 0xf8, 0xf8,
    0xf8, 0xe0, 0xe0, 0xe0, 0xe0, 0xf8, 0xf8, 0xf8, 0x18, 0x18, 0x18, 0x18,
    0x18, 0x18, 0x18, 0x00, 0x00, 0x00, 0x00, 0x18, 0x18, 0x18, 0xe0, 0xe0,
    0xe0, 0xe0, 0x18, 0x18, 0x18, 0xf8, 0xf8, 0xf8, 0xf8, 0x00, 0x00, 0xf0,
    0xf0, 0xf0, 0xf0, 0x00, 0x00, 0x00, 0xf0, 0x90, 0x90, 0xf0, 0x00, 0x00,
    0x00, 0x70, 0x70, 0x70, 0x00, 0x00, 0x00, 0x00, 0x70, 0x50, 0x70, 0x00,
    0x00, 0x00, 0x00, 0xf8, 0xf8, 0xf8, 0x00, 0x00, 0x00, 0x00, 0xf8, 0x88,
    0xf8, 0x00, 0x00, 0x00, 0x70, 0x70, 0x70, 0x70, 0x70, 0x00, 0x20, 0x20,
    0x70, 0x70, 0xf8, 0xf8, 0x00, 0x20, 0x20, 0x50, 0x50, 0x88, 0xf8, 0x00,
    0x80, 0xc0, 0xe0, 0xf0, 0xe0, 0xc0, 0x80, 0x80, 0xc0, 0xa0, 0x90, 0xa0,
    0xc0, 0x80, 0x00, 0x40, 0x60, 0x70, 0x60, 0x40, 0x00, 0x00, 0x40, 0x60,
    0x50, 0x60, 0x40, 0x00, 0x00, 0x80, 0xe0, 0xf8, 0xe0, 0x80, 0x00, 0x00,
    0x80, 0xe0, 0x98, 0xe0, 0x80, 0x00, 0xf8, 0xf8, 0x70, 0x70, 0x20, 0x20,
    0x00, 0xf8, 0x88, 0x50, 0x50, 0x20, 0x20, 0x00, 0x10, 0x30, 0x70, 0xf0,
    0x70, 0x30, 0x10, 0x10, 0x30, 0x50, 0x90, 0x50, 0x30, 0x10, 0x00, 0x10,
    0x30, 0x70, 0x30, 0x10, 0x00, 0x00, 0x10, 0x30, 0x50, 0x30, 0x10, 0x00,
    0x00, 0x08, 0x38, 0xf8, 0x38, 0x08, 0x00, 0x00, 0x08, 0x38, 0xc8, 0x38,
    0x08, 0x00, 0x00, 0x20, 0x70, 0xf8, 0x70, 0x20, 0x00, 0x00, 0x20, 0x50,
    0x88, 0x50, 0x20, 0x00, 0x00, 0x70, 0x88, 0x88, 0x88, 0x70, 0x00, 0x00,
    0x70, 0xf8, 0xf8, 0xf8, 0x70, 0x00, 0xf8, 0xf8, 0xd8, 0x88, 0xd8, 0xf8,
    0xf8, 0xf8, 0xf8, 0xd8, 0xa8, 0xd8, 0xf8, 0xf8, 0x00, 0x00, 0x60, 0x90,
    0x90, 0x60, 0x00, 0x00, 0x50, 0x00, 0x20, 0x50, 0x00, 0x00, 0x00, 0x50,
    0x00, 0x50, 0x20, 0x00, 0x00, 0x70, 0xa8, 0xf8, 0xa8, 0xd8, 0x70, 0x00,
    0x20, 0xa8, 0x70, 0xd8, 0x70, 0xa8, 0x20, 0x00, 0x20, 0x50, 0x20, 0x70,
    0x20, 0x00, 0x00, 0x20, 0x70, 0x20, 0x50, 0x20, 0x00, 0x38, 0x18, 0x68,
    0xa0, 0x40, 0x00, 0x00, 0x20, 0x70, 0xf8, 0xf8, 0x20, 0x70, 0x00, 0x70,
    0x70, 0xa8, 0xf8, 0xa8, 0x20, 0x70, 0x50, 0xf8, 0xf8, 0x70, 0x70, 0x20,
    0x00, 0x20, 0x70, 0xf8, 0xf8, 0x70, 0x20, 0x00, 0x10, 0x10, 0x10, 0x30,
    0x70, 0x20, 0x00, 0x20, 0x30, 0x28, 0x60, 0xe0, 0x40, 0x00, 0x60, 0x58,
    0x48, 0xc8, 0xd8, 0x18, 0x00, 0x70, 0x68, 0x58, 0xc8, 0xd8, 0x18, 0x00,
    0x40, 0x40, 0x70, 0x50, 0x50, 0x60, 0x00, 0x40, 0x70, 0x50, 0x50, 0x70,
    0x10, 0x00, 0x10, 0x58, 0x70, 0xd8, 0x70, 0xd0, 0x40, 0x20, 0x20, 0x40,
    0x40, 0x20, 0x20, 0x00, 0x40, 0x40, 0x20, 0x20, 0x40, 0x40, 0x00, 0x00,
    0x00, 0x00, 0x00, 0x00, 0x00, 0x00, 0x40, 0x00, 0x00, 0x00, 0x00, 0x00,
    0x00, 0x00, 0x00, 0x40, 0x00, 0x00, 0x00, 0x00, 0x40, 0x00, 0x40, 0x00,
    0x00, 0x00, 0x00, 0x00, 0x00, 0x00, 0x00, 0x40, 0x00, 0x00, 0x40, 0x00,
    0x00, 0x00, 0x40, 0x00, 0x00, 0x00, 0x00, 0x40, 0x00, 0x40, 0x00, 0x00,
    0x40, 0x00, 0x40, 0x00, 0x40, 0x00, 0x00, 0x10, 0x00, 0x00, 0x00, 0x00,
    0x00, 0x00, 0x50, 0x00, 0x00, 0x00, 0x00, 0x00, 0x00, 0x10, 0x00, 0x40,
    0x00, 0x00, 0x00, 0x00, 0x50, 0x00, 0x40, 0x00, 0x00, 0x00, 0x00, 0x10,
    0x00, 0x00, 0x00, 0x40, 0x00, 0x00, 0x50, 0x00, 0x00, 0x00, 0x40, 0x00,
    0x00, 0x10, 0x00, 0x40, 0x00, 0x40, 0x00, 0x00, 0x50, 0x00, 0x40, 0x00,
    0x40, 0x00, 0x00, 0x00, 0x00, 0x10, 0x00, 0x00, 0x00, 0x00, 0x40, 0x00,
    0x10, 0x00, 0x00, 0x00, 0x00, 0x00, 0x00, 0x50, 0x00, 0x00, 0x00, 0x00,
    0x40, 0x00, 0x50, 0x00, 0x00, 0x00, 0x00, 0x00, 0x00, 0x10, 0x00, 0x40,
    0x00, 0x00, 0x40, 0x00, 0x10, 0x00, 0x40, 0x00, 0x00, 0x00, 0x00, 0x50,
    0x00, 0x40, 0x00, 0x00, 0x40, 0x00, 0x50, 0x00, 0x40, 0x00, 0x00, 0x10,
    0x00, 0x10, 0x00, 0x00, 0x00, 0x00, 0x50, 0x00, 0x10, 0x00, 0x00, 0x00,
    0x00, 0x10, 0x00, 0x50, 0x00, 0x00, 0x00, 0x00, 0x50, 0x00, 0x50, 0x00,
    0x00, 0x00, 0x00, 0x10, 0x00, 0x10, 0x00, 0x40, 0x00, 0x00, 0x50, 0x00,
    0x10, 0x00, 0x40, 0x00, 0x00, 0x10, 0x00, 0x50, 0x00, 0x40, 0x00, 0x00,
    0x50, 0x00, 0x50, 0x00, 0x40, 0x00, 0x00, 0x00, 0x00, 0x00, 0x00, 0x10,
    0x00, 0x00, 0x40, 0x00, 0x00, 0x00, 0x10, 0x00, 0x00, 0x00, 0x00, 0x40,
    0x00, 0x10, 0x00, 0x00, 0x40, 0x00, 0x40, 0x00, 0x10, 0x00, 0x00, 0x00,
    0x00, 0x00, 0x00, 0x50, 0x00, 0x00, 0x40, 0x00, 0x00, 0x00, 0x50, 0x00,
    0x00, 0x00, 0x00, 0x40, 0x00, 0x50, 0x00, 0x00, 0x40, 0x00, 0x40, 0x00,
    0x50, 0x00, 0x00, 0x10, 0x00, 0x00, 0x00, 0x10, 0x00, 0x00, 0x50, 0x00,
    0x00, 0x00, 0x10, 0x00, 0x00, 0x10, 0x00, 0x40, 0x00, 0x10, 0x00, 0x00,
    0x50, 0x00, 0x40, 0x00, 0x10, 0x00, 0x00, 0x10, 0x00, 0x00, 0x00, 0x50,
    0x00, 0x00, 0x50, 0x00, 0x00, 0x00, 0x50, 0x00, 0x00, 0x10, 0x00, 0x40,
    0x00, 0x50, 0x00, 0x00, 0x50, 0x00, 0x40, 0x00, 0x50, 0x00, 0x00, 0x00,
    0x00, 0x10, 0x00, 0x10, 0x00, 0x00, 0x40, 0x00, 0x10, 0x00, 0x10, 0x00,
    0x00, 0x00, 0x00, 0x50, 0x00, 0x10, 0x00, 0x00, 0x40, 0x00, 0x50, 0x00,
    0x10, 0x00, 0x00, 0x00, 0x00, 0x10, 0x00, 0x50, 0x00, 0x00, 0x40, 0x00,
    0x10, 0x00, 0x50, 0x00, 0x00, 0x00, 0x00, 0x50, 0x00, 0x50, 0x00, 0x00,
    0x40, 0x00, 0x50, 0x00, 0x50, 0x00, 0x00, 0x10, 0x00, 0x10, 0x00, 0x10,
    0x00, 0x00, 0x50, 0x00, 0x10, 0x00, 0x10, 0x00, 0x00, 0x10, 0x00, 0x50,
    0x00, 0x10, 0x00, 0x00, 0x50, 0x00, 0x50, 0x00, 0x10, 0x00, 0x00, 0x10,
    0x00, 0x10, 0x00, 0x50, 0x00, 0x00, 0x50, 0x00, 0x10, 0x00, 0x50, 0x00,
    0x00, 0x10, 0x00, 0x50, 0x00, 0x50, 0x00, 0x00, 0x50, 0x00, 0x50, 0x00,
    0x50, 0x00, 0x00, 0x00, 0x00, 0x00, 0x00, 0x00, 0x00, 0x40, 0x40, 0x00,
    0x00, 0x00, 0x00, 0x00, 0x40, 0x00, 0x00, 0x40, 0x00, 0x00, 0x00, 0x40,
    0x40, 0x00, 0x40, 0x00, 0x00, 0x00, 0x40, 0x00, 0x00, 0x00, 0x00, 0x40,
    0x00, 0x40, 0x40, 0x00, 0x00, 0x00, 0x40, 0x00, 0x40, 0x00, 0x00, 0x40,
    0x00, 0x40, 0x00, 0x40, 0x40, 0x00, 0x40, 0x00, 0x40, 0x00, 0x40, 0x10,
    0x00, 0x00, 0x00, 0x00, 0x00, 0x40, 0x50, 0x00, 0x00, 0x00, 0x00, 0x00,
    0x40, 0x10, 0x00, 0x40, 0x00, 0x00, 0x00, 0x40, 0x50, 0x00, 0x40, 0x00,
    0x00, 0x00, 0x40, 0x10, 0x00, 0x00, 0x00, 0x40, 0x00, 0x40, 0x50, 0x00,
    0x00, 0x00, 0x40, 0x00, 0x40, 0x10, 0x00, 0x40, 0x00, 0x40, 0x00, 0x40,
    0x50, 0x00, 0x40, 0x00, 0x40, 0x00, 0x40, 0x00, 0x00, 0x10, 0x00, 0x00,
    0x00, 0x40, 0x40, 0x00, 0x10, 0x00, 0x00, 0x00, 0x40, 0x00, 0x00, 0x50,
    0x00, 0x00, 0x00, 0x40, 0x40, 0x00, 0x50, 0x00, 0x00, 0x00, 0x40, 0x00,
    0x00, 0x10, 0x00, 0x40, 0x00, 0x40, 0x40, 0x00, 0x10, 0x00, 0x40, 0x00,
    0x40, 0x00, 0x00, 0x50, 0x00, 0x40, 0x00, 0x40, 0x40, 0x00, 0x50, 0x00,
    0x40, 0x00, 0x40, 0x10, 0x00, 0x10, 0x00, 0x00, 0x00, 0x40, 0x50, 0x00,
    0x10, 0x00, 0x00, 0x00, 0x40, 0x10, 0x00, 0x50, 0x00, 0x00, 0x00, 0x40,
    0x50, 0x00, 0x50, 0x00, 0x00, 0x00, 0x40, 0x10, 0x00, 0x10, 0x00, 0x40,
    0x00, 0x40, 0x50, 0x00, 0x10, 0x00, 0x40, 0x00, 0x40, 0x10, 0x00, 0x50,
    0x00, 0x40, 0x00, 0x40, 0x50, 0x00, 0x50, 0x00, 0x40, 0x00, 0x40, 0x00,
    0x00, 0x00, 0x00, 0x10, 0x00, 0x40, 0x40, 0x00, 0x00, 0x00, 0x10, 0x00,
    0x40, 0x00, 0x00, 0x40, 0x00, 0x10, 0x00, 0x40, 0x40, 0x00, 0x40, 0x00,
    0x10, 0x00, 0x40, 0x00, 0x00, 0x00, 0x00, 0x50, 0x00, 0x40, 0x40, 0x00,
    0x00, 0x00, 0x50, 0x00, 0x40, 0x00, 0x00, 0x40, 0x00, 0x50, 0x00, 0x40,
    0x40, 0x00, 0x40, 0x00, 0x50, 0x00, 0x40, 0x10, 0x00, 0x00, 0x00, 0x10,
    0x00, 0x40, 0x50, 0x00, 0x00, 0x00, 0x10, 0x00, 0x40, 0x10, 0x00, 0x40,
    0x00, 0x10, 0x00, 0x40, 0x50, 0x00, 0x40, 0x00, 0x10, 0x00, 0x40, 0x10,
    0x00, 0x00, 0x00, 0x50, 0x00, 0x40, 0x50, 0x00, 0x00, 0x00, 0x50, 0x00,
    0x40, 0x10, 0x00, 0x40, 0x00, 0x50, 0x00, 0x40, 0x50, 0x00, 0x40, 0x00,
    0x50, 0x00, 0x40, 0x00, 0x00, 0x10, 0x00, 0x10, 0x00, 0x40, 0x40, 0x00,
    0x10, 0x00, 0x10, 0x00, 0x40, 0x00, 0x00, 0x50, 0x00, 0x10, 0x00, 0x40,
    0x40, 0x00, 0x50, 0x00, 0x10, 0x00, 0x40, 0x00, 0x00, 0x10, 0x00, 0x50,
    0x00, 0x40, 0x40, 0x00, 0x10, 0x00, 0x50, 0x00, 0x40, 0x00, 0x00, 0x50,
    0x00, 0x50, 0x00, 0x40, 0x40, 0x00, 0x50, 0x00, 0x50, 0x00, 0x40, 0x10,
    0x00, 0x10, 0x00, 0x10, 0x00, 0x40, 0x50, 0x00, 0x10, 0x00, 0x10, 0x00,
    0x40, 0x10, 0x00, 0x50, 0x00, 0x10, 0x00, 0x40, 0x50, 0x00, 0x50, 0x00,
    0x10, 0x00, 0x40, 0x10, 0x00, 0x10, 0x00, 0x50, 0x00, 0x40, 0x50, 0x00,
    0x10, 0x00, 0x50, 0x00, 0x40, 0x10, 0x00, 0x50, 0x00, 0x50, 0x00, 0x40,
    0x50, 0x00, 0x50, 0x00, 0x50, 0x00, 0x40, 0x00, 0x00, 0x00, 0x00, 0x00,
    0x00, 0x10, 0x40, 0x00, 0x00, 0x00, 0x00, 0x00, 0x10, 0x00, 0x00, 0x40,
    0x00, 0x00, 0x00, 0x10, 0x40, 0x00, 0x40, 0x00, 0x00, 0x00, 0x10, 0x00,
    0x00, 0x00, 0x00, 0x40, 0x00, 0x10, 0x40, 0x00, 0x00, 0x00, 0x40, 0x00,
    0x10, 0x00, 0x00, 0x40, 0x00, 0x40, 0x00, 0x10, 0x40, 0x00, 0x40, 0x00,
    0x40, 0x00, 0x10, 0x10, 0x00, 0x00, 0x00, 0x00, 0x00, 0x10, 0x50, 0x00,
    0x00, 0x00, 0x00, 0x00, 0x10, 0x10, 0x00, 0x40, 0x00, 0x00, 0x00, 0x10,
    0x50, 0x00, 0x40, 0x00, 0x00, 0x00, 0x10, 0x10, 0x00, 0x00, 0x00, 0x40,
    0x00, 0x10, 0x50, 0x00, 0x00, 0x00, 0x40, 0x00, 0x10, 0x10, 0x00, 0x40,
    0x00, 0x40, 0x00, 0x10, 0x50, 0x00, 0x40, 0x00, 0x40, 0x00, 0x10, 0x00,
    0x00, 0x10, 0x00, 0x00, 0x00, 0x10, 0x40, 0x00, 0x10, 0x00, 0x00, 0x00,
    0x10, 0x00, 0x00, 0x50, 0x00, 0x00, 0x00, 0x10, 0x40, 0x00, 0x50, 0x00,
    0x00, 0x00, 0x10, 0x00, 0x00, 0x10, 0x00, 0x40, 0x00, 0x10, 0x40, 0x00,
    0x10, 0x00, 0x40, 0x00, 0x10, 0x00, 0x00, 0x50, 0x00, 0x40, 0x00, 0x10,
    0x40, 0x00, 0x50, 0x00, 0x40, 0x00, 0x10, 0x10, 0x00, 0x10, 0x00, 0x00,
    0x00, 0x10, 0x50, 0x00, 0x10, 0x00, 0x00, 0x00, 0x10, 0x10, 0x00, 0x50,
    0x00, 0x00, 0x00, 0x10, 0x50, 0x00, 0x50, 0x00, 0x00, 0x00, 0x10, 0x10,
    0x00, 0x10, 0x00, 0x40, 0x00, 0x10, 0x50, 0x00, 0x10, 0x00, 0x40, 0x00,
    0x10, 0x10, 0x00, 0x50, 0x00, 0x40, 0x00, 0x10, 0x50, 0x00, 0x50, 0x00,
    0x40, 0x00, 0x10, 0x00, 0x00, 0x00, 0x00, 0x10, 0x00, 0x10, 0x40, 0x00,
    0x00, 0x00, 0x10, 0x00, 0x10, 0x00, 0x00, 0x40, 0x00, 0x10, 0x00, 0x10,
    0x40, 0x00, 0x40, 0x00, 0x10, 0x00, 0x10, 0x00, 0x00, 0x00, 0x00, 0x50,
    0x00, 0x10, 0x40, 0x00, 0x00, 0x00, 0x50, 0x00, 0x10, 0x00, 0x00, 0x40,
    0x00, 0x50, 0x00, 0x10, 0x40, 0x00, 0x40, 0x00, 0x50, 0x00, 0x10, 0x10,
    0x00, 0x00, 0x00, 0x10, 0x00, 0x10, 0x50, 0x00, 0x00, 0x00, 0x10, 0x00,
    0x10, 0x10, 0x00, 0x40, 0x00, 0x10, 0x00, 0x10, 0x50, 0x00, 0x40, 0x00,
    0x10, 0x00, 0x10, 0x10, 0x00, 0x00, 0x00, 0x50, 0x00, 0x10, 0x50, 0x00,
    0x00, 0x00, 0x50, 0x00, 0x10, 0x10, 0x00, 0x40, 0x00, 0x50, 0x00, 0x10,
    0x50, 0x00, 0x40, 0x00, 0x50, 0x00, 0x10, 0x00, 0x00, 0x10, 0x00, 0x10,
    0x00, 0x10, 0x40, 0x00, 0x10, 0x00, 0x10, 0x00, 0x10, 0x00, 0x00, 0x50,
    0x00, 0x10, 0x00, 0x10, 0x40, 0x00, 0x50, 0x00, 0x10, 0x00, 0x10, 0x00,
    0x00, 0x10, 0x00, 0x50, 0x00, 0x10, 0x40, 0x00, 0x10, 0x00, 0x50, 0x00,
    0x10, 0x00, 0x00, 0x50, 0x00, 0x50, 0x00, 0x10, 0x40, 0x00, 0x50, 0x00,
    0x50, 0x00, 0x10, 0x10, 0x00, 0x10, 0x00, 0x10, 0x00, 0x10, 0x50, 0x00,
    0x10, 0x00, 0x10, 0x00, 0x10, 0x10, 0x00, 0x50, 0x00, 0x10, 0x00, 0x10,
    0x50, 0x00, 0x50, 0x00, 0x10, 0x00, 0x10, 0x10, 0x00, 0x10, 0x00, 0x50,
    0x00, 0x10, 0x50, 0x00, 0x10, 0x00, 0x50, 0x00, 0x10, 0x10, 0x00, 0x50,
    0x00, 0x50, 0x00, 0x10, 0x50, 0x00, 0x50, 0x00, 0x50, 0x00, 0x10, 0x00,
    0x00, 0x00, 0x00, 0x00, 0x00, 0x50, 0x40, 0x00, 0x00, 0x00, 0x00, 0x00,
    0x50, 0x00, 0x00, 0x40, 0x00, 0x00, 0x00, 0x50, 0x40, 0x00, 0x40, 0x00,
    0x00, 0x00, 0x50, 0x00, 0x00, 0x00, 0x00, 0x40, 0x00, 0x50, 0x40, 0x00,
    0x00, 0x00, 0x40, 0x00, 0x50, 0x00, 0x00, 0x40, 0x00, 0x40, 0x00, 0x50,
    0x40, 0x00, 0x40, 0x00, 0x40, 0x00, 0x50, 0x10, 0x00, 0x00, 0x00, 0x00,
    0x00, 0x50, 0x50, 0x00, 0x00, 0x00, 0x00, 0x00, 0x50, 0x10, 0x00, 0x40,
    0x00, 0x00, 0x00, 0x50, 0x50, 0x00, 0x40, 0x00, 0x00, 0x00, 0x50, 0x10,
    0x00, 0x00, 0x00, 0x40, 0x00, 0x50, 0x50, 0x00, 0x00, 0x00, 0x40, 0x00,
    0x50, 0x10, 0x00, 0x40, 0x00, 0x40, 0x00, 0x50, 0x50, 0x00, 0x40, 0x00,
    0x40, 0x00, 0x50, 0x00, 0x00, 0x10, 0x00, 0x00, 0x00, 0x50, 0x40, 0x00,
    0x10, 0x00, 0x00, 0x00, 0x50, 0x00, 0x00, 0x50, 0x00, 0x00, 0x00, 0x50,
    0x40, 0x00, 0x50, 0x00, 0x00, 0x00, 0x50, 0x00, 0x00, 0x10, 0x00, 0x40,
    0x00, 0x50, 0x40, 0x00, 0x10, 0x00, 0x40, 0x00, 0x50, 0x00, 0x00, 0x50,
    0x00, 0x40, 0x00, 0x50, 0x40, 0x00, 0x50, 0x00, 0x40, 0x00, 0x50, 0x10,
    0x00, 0x10, 0x00, 0x00, 0x00, 0x50, 0x50, 0x00, 0x10, 0x00, 0x00, 0x00,
    0x50, 0x10, 0x00, 0x50, 0x00, 0x00, 0x00, 0x50, 0x50, 0x00, 0x50, 0x00,
    0x00, 0x00, 0x50, 0x10, 0x00, 0x10, 0x00, 0x40, 0x00, 0x50, 0x50, 0x00,
    0x10, 0x00, 0x40, 0x00, 0x50, 0x10, 0x00, 0x50, 0x00, 0x40, 0x00, 0x50,
    0x50, 0x00, 0x50, 0x00, 0x40, 0x00, 0x50, 0x00, 0x00, 0x00, 0x00, 0x10,
    0x00, 0x50, 0x40, 0x00, 0x00, 0x00, 0x10, 0x00, 0x50, 0x00, 0x00, 0x40,
    0x00, 0x10, 0x00, 0x50, 0x40, 0x00, 0x40, 0x00, 0x10, 0x00, 0x50, 0x00,
    0x00, 0x00, 0x00, 0x50, 0x00, 0x50, 0x40, 0x00, 0x00, 0x00, 0x50, 0x00,
    0x50, 0x00, 0x00, 0x40, 0x00, 0x50, 0x00, 0x50, 0x40, 0x00, 0x40, 0x00,
    0x50, 0x00, 0x50, 0x10, 0x00, 0x00, 0x00, 0x10, 0x00, 0x50, 0x50, 0x00,
    0x00, 0x00, 0x10, 0x00, 0x50, 0x10, 0x00, 0x40, 0x00, 0x10, 0x00, 0x50,
    0x50, 0x00, 0x40, 0x00, 0x10, 0x00, 0x50, 0x10, 0x00, 0x00, 0x00, 0x50,
    0x00, 0x50, 0x50, 0x00, 0x00, 0x00, 0x50, 0x00, 0x50, 0x10, 0x00, 0x40,
    0x00, 0x50, 0x00, 0x50, 0x50, 0x00, 0x40, 0x00, 0x50, 0x00, 0x50, 0x00,
    0x00, 0x10, 0x00, 0x10, 0x00, 0x50, 0x40, 0x00, 0x10, 0x00, 0x10, 0x00,
    0x50, 0x00, 0x00, 0x50, 0x00, 0x10, 0x00, 0x50, 0x40, 0x00, 0x50, 0x00,
    0x10, 0x00, 0x50, 0x00, 0x00, 0x10, 0x00, 0x50, 0x00, 0x50, 0x40, 0x00,
    0x10, 0x00, 0x50, 0x00, 0x50, 0x00, 0x00, 0x50, 0x00, 0x50, 0x00, 0x50,
    0x40, 0x00, 0x50, 0x00, 0x50, 0x00, 0x50, 0x10, 0x00, 0x10, 0x00, 0x10,
    0x00, 0x50, 0x50, 0x00, 0x10, 0x00, 0x10, 0x00, 0x50, 0x10, 0x00, 0x50,
    0x00, 0x10, 0x00, 0x50, 0x50, 0x00, 0x50, 0x00, 0x10, 0x00, 0x50, 0x10,
    0x00, 0x10, 0x00, 0x50, 0x00, 0x50, 0x50, 0x00, 0x10, 0x00, 0x50, 0x00,
    0x50, 0x10, 0x00, 0x50, 0x00, 0x50, 0x00, 0x50, 0x50, 0x00, 0x50, 0x00,
    0x50, 0x00, 0x50, 0x20, 0x50, 0x40, 0xf0, 0x50, 0x50, 0x00, 0x30, 0x50,
    0x50, 0xf0, 0x50, 0x50, 0x00, 0x50, 0xa8, 0xe8, 0xd8, 0xf8, 0xd8, 0x70,
};

static const GlyphMap Font5x7_Map[] = {
    {0x0000, 0},
    {0x0020, 1},
    {0x0021, 2},
    {0x0022, 3},
    {0x0023, 4},
    {0x0024, 5},
    {0x0025, 6},
    {0x0026, 7},
    {0x0027, 8},
    {0x0028, 9},
    {0x0029, 10},
    {0x002a, 11},
    {0x002b, 12},
    {0x002c, 13},
    {0x002d, 14},
    {0x002e, 15},
    {0x002f, 16},
    {0x0030, 17},
    {0x0031, 18},
    {0x0032, 19},
    {0x0033, 20},
    {0x0034, 21},
    {0x0035, 22},
    {0x0036, 23},
    {0x0037, 24},
    {0x0038, 25},
    {0x0039, 26},
    {0x003a, 27},
    {0x003b, 28},
    {0x003c, 29},
    {0x003d, 30},
    {0x003e, 31},
    {0x003f, 32},
    {0x0040, 33},
    {0x0041, 34},
    {0x0042, 35},
    {0x0043, 36},
    {0x0044, 37},
    {0x0045, 38},
    {0x0046, 39},
    {0x0047, 40},
    {0x0048, 41},
    {0x0049, 42},
    {0x004a, 43},
    {0x004b, 44},
    {0x004c, 45},
    {0x004d, 46},
    {0x004e, 47},
    {0x004f, 48},
    {0x0050, 49},
    {0x0051, 50},
    {0x0052, 51},
    {0x0053, 52},
    {0x0054, 53},
    {0x0055, 54},
    {0x0056, 55},
    {0x0057, 56},
    {0x0058, 57},
    {0x0059, 58},
    {0x005a, 59},
    {0x005b, 60},
    {0x005c, 61},
    {0x005d, 62},
    {0x005e, 63},
    {0x005f, 64},
    {0x0060, 65},
    {0x0061, 66},
    {0x0062, 67},
    {0x0063, 68},
    {0x0064, 69},
    {0x0065, 70},
    {0x0066, 71},
    {0x0067, 72},
    {0x0068, 73},
    {0x0069, 74},
    {0x006a, 75},
    {0x006b, 76},
    {0x006c, 77},
    {0x006d, 78},
    {0x006e, 79},
    {0x006f, 80},
    {0x0070, 81},
    {0x0071, 82},
    {0x0072, 83},
    {0x0073, 84},
    {0x0074, 85},
    {0x0075, 86},
    {0x0076, 87},
    {0x0077, 88},
    {0x0078, 89},
    {0x0079, 90},
    {0x007a, 91},
    {0x007b, 92},
    {0x007c, 93},
    {0x007d, 94},
    {0x007e, 95},
    {0x00a0, 96},
    {0x00a1, 97},
    {0x00a2, 98},
    {0x00a3, 99},
    {0x00a4, 100},
    {0x00a5, 101},
    {0x00a6, 102},
    {0x00a7, 103},
    {0x00a8, 104},
    {0x00a9, 105},
    {0x00aa, 106},
    {0x00ab, 107},
    {0x00ac, 108},
    {0x00ad, 109},
    {0x00ae, 110},
    {0x00af, 111},
    {0x00b0, 112},
    {0x00b1, 113},
    {0x00b2, 114},
    {0x00b3, 115},
    {0x00b4, 116},
    {0x00b5, 117},
    {0x00b6, 118},
    {0x00b7, 119},
    {0x00b8, 120},
    {0x00b9, 121},
    {0x00ba, 122},
    {0x00bb, 123},
    {0x00bc, 124},
    {0x00bd, 125},
    {0x00be, 126},
    {0x00bf, 127},
    {0x00c0, 128},
    {0x00c1, 129},
    {0x00c2, 130},
    {0x00c3, 131},
    {0x00c4, 132},
    {0x00c5, 133},
    {0x00c6, 134},
    {0x00c7, 135},
    {0x00c8, 136},
    {0x00c9, 137},
    {0x00ca, 138},
    {0x00cb, 139},
    {0x00cc, 140},
    {0x00cd, 141},
    {0x00ce, 142},
    {0x00cf, 143},
    {0x00d0, 144},
    {0x00d1, 145},
    {0x00d2, 146},
    {0x00d3, 147},
    {0x00d4, 148},
    {0x00d5, 149},
    {0x00d6, 150},
    {0x00d7, 151},
    {0x00d8, 152},
    {0x00d9, 153},
    {0x00da, 154},
    {0x00db, 155},
    {0x00dc, 156},
    {0x00dd, 157},
    {0x00de, 158},
    {0x00df, 159},
    {0x00e0, 160},
    {0x00e1, 161},
    {0x00e2, 162},
    {0x00e3, 163},
    {0x00e4, 164},
    {0x00e5, 165},
    {0x00e6, 166},
    {0x00e7, 167},
    {0x00e8, 168},
    {0x00e9, 169},
    {0x00ea, 170},
    {0x00eb, 171},
    {0x00ec, 172},
    {0x00ed, 173},
    {0x00ee, 174},
    {0x00ef, 175},
    {0x00f0, 176},
    {0x00f1, 177},
    {0x00f2, 178},
    {0x00f3, 179},
    {0x00f4, 180},
    {0x00f5, 181},
    {0x00f6, 182},
    {0x00f7, 183},
    {0x00f8, 184},
    {0x00f9, 185},
    {0x00fa, 186},
    {0x00fb, 187},
    {0x00fc, 188},
    {0x00fd, 189},
    {0x00fe, 190},
    {0x00ff, 191},
    {0x0100, 192},
    {0x0101, 193},
    {0x0102, 194},
    {0x0103, 195},
    {0x0104, 196},
    {0x0105, 197},
    {0x0106, 198},
    {0x0107, 199},
    {0x0108, 200},
    {0x0109, 201},
    {0x010a, 202},
    {0x010b, 203},
    {0x010c, 204},
    {0x010d, 205},
    {0x010e, 206},
    {0x010f, 207},
    {0x0110, 208},
    {0x0111, 209},
    {0x0112, 210},
    {0x0113, 211},
    {0x0114, 212},
    {0x0115, 213},
    {0x0116, 214},
    {0x0117, 215},
    {0x0118, 216},
    {0x0119, 217},
    {0x011a, 218},
    {0x011b, 219},
    {0x011c, 220},
    {0x011d, 221},
    {0x011e, 222},
    {0x011f, 223},
    {0x0120, 224},
    {0x0121, 225},
    {0x0122, 226},
    {0x0123, 227},
    {0x0124, 228},
    {0x0125, 229},
    {0x0126, 230},
    {0x0127, 231},
    {0x0128, 232},
    {0x0129, 233},
    {0x012a, 234},
    {0x012b, 235},
    {0x012c, 236},
    {0x012d, 237},
    {0x012e, 238},
    {0x012f, 239},
    {0x0130, 240},
    {0x0131, 241},
    {0x0132, 242},
    {0x0133, 243},
    {0x0134, 244},
    {0x0135, 245},
    {0x0136, 246},
    {0x0137, 247},
    {0x0138, 248},
    {0x0139, 249},
    {0x013a, 250},
    {0x013b, 251},
    {0x013c, 252},
    {0x013d, 253},
    {0x013e, 254},
    {0x013f, 255},
    {0x0140, 256},
    {0x0141, 257},
    {0x0142, 258},
    {0x0143, 259},
    {0x0144, 260},
    {0x0145, 261},
    {0x0146, 262},
    {0x0147, 263},
    {0x0148, 264},
    {0x0149, 265},
    {0x014a, 266},
    {0x014b, 267},
    {0x014c, 268},
    {0x014d, 269},
    {0x014e, 270},
    {0x014f, 271},
    {0x0150, 272},
    {0x0151, 273},
    {0x0152, 274},
    {0x0153, 275},
    {0x0154, 276},
    {0x0155, 277},
    {0x0156, 278},
    {0x0157, 279},
    {0x0158, 280},
    {0x0159, 281},
    {0x015a, 282},
    {0x015b, 283},
    {0x015c, 284},
    {0x015d, 285},
    {0x015e, 286},
    {0x015f, 287},
    {0x0160, 288},
    {0x0161, 289},
    {0x0162, 290},
    {0x0163, 291},
    {0x0164, 292},
    {0x0165, 293},
    {0x0166, 294},
    {0x0167, 295},
    {0x0168, 296},
    {0x0169, 297},
    {0x016a, 298},
    {0x016b, 299},
    {0x016c, 300},
    {0x016d, 301},
    {0x016e, 302},
    {0x016f, 303},
    {0x0170, 304},
    {0x0171, 305},
    {0x0172, 306},
    {0x0173, 307},
    {0x0174, 308},
    {0x0175, 309},
    {0x0176, 310},
    {0x0177, 311},
    {0x0178, 312},
    {0x0179, 313},
    {0x017a, 314},
    {0x017b, 315},
    {0x017c, 316},
    {0x017d, 317},
    {0x017e, 318},
    {0x017f, 319},
    {0x0180, 320},
    {0x0181, 321},
    {0x0182, 322},
    {0x0183, 323},
    {0x0184, 324},
    {0x0185, 325},
    {0x0186, 326},
    {0x0187, 327},
    {0x0188, 328},
    {0x0189, 329},
    {0x018a, 330},
    {0x018b, 331},
    {0x018c, 332},
    {0x018d, 333},
    {0x018e, 334},
    {0x018f, 335},
    {0x0190, 336},
    {0x0191, 337},
    {0x0192, 338},
    {0x0193, 339},
    {0x0194, 340},
    {0x0195, 341},
    {0x0196, 342},
    {0x0197, 343},
    {0x0198, 344},
    {0x0199, 345},
    {0x019a, 346},
    {0x019b, 347},
    {0x019c, 348},
    {0x019d, 349},
    {0x019e, 350},
    {0x019f, 351},
    {0x01a0, 352},
    {0x01a1, 353},
    {0x01a2, 354},
    {0x01a3, 355},
    {0x01a4, 356},
    {0x01a5, 357},
    {0x01a6, 358},
    {0x01a7, 359},
    {0x01a8, 360},
    {0x01a9, 361},
    {0x01aa, 362},
    {0x01ab, 363},
    {0x01ac, 364},
    {0x01ad, 365},
    {0x01ae, 366},
    {0x01af, 367},
    {0x01b0, 368},
    {0x01b1, 369},
    {0x01b2, 370},
    {0x01b3, 371},
    {0x01b4, 372},
    {0x01b5, 373},
    {0x01b6, 374},
    {0x01b7, 375},
    {0x01b8, 376},
    {0x01b9, 377},
    {0x01ba, 378},
    {0x01bb, 379},
    {0x01bc, 380},
    {0x01bd, 381},
    {0x01be, 382},
    {0x01bf, 383},
    {0x01c0, 384},
    {0x01c1, 385},
    {0x01c2, 386},
    {0x01c3, 387},
    {0x01c4, 388},
    {0x01c5, 389},
    {0x01c6, 390},
    {0x01c7, 391},
    {0x01c8, 392},
    {0x01c9, 393},
    {0x01ca, 394},
    {0x01cb, 395},
    {0x01cc, 396},
    {0x01cd, 397},
    {0x01ce, 398},
    {0x01cf, 399},
    {0x01d0, 400},
    {0x01d1, 401},
    {0x01d2, 402},
    {0x01d3, 403},
    {0x01d4, 404},
    {0x01d5, 405},
    {0x01d6, 406},
    {0x01d7, 407},
    {0x01d8, 408},
    {0x01d9, 409},
    {0x01da, 410},
    {0x01db, 411},
    {0x01dc, 412},
    {0x01dd, 413},
    {0x01de, 414},
    {0x01df, 415},
    {0x01e0, 416},
    {0x01e1, 417},
    {0x01e2, 418},
    {0x01e3, 419},
    {0x01e4, 420},
    {0x01e5, 421},
    {0x01e6, 422},
    {0x01e7, 423},
    {0x01e8, 424},
    {0x01e9, 425},
    {0x01ea, 426},
    {0x01eb, 427},
    {0x01ec, 428},
    {0x01ed, 429},
    {0x01ee, 430},
    {0x01ef, 431},
    {0x01f0, 432},
    {0x01f1, 433},
    {0x01f2, 434},
    {0x01f3, 435},
    {0x01f4, 436},
    {0x01f5, 437},
    {0x01f6, 438},
    {0x01f7, 439},
    {0x01f8, 440},
    {0x01f9, 441},
    {0x01fa, 442},
    {0x01fb, 443},
    {0x01fc, 444},
    {0x01fd, 445},
    {0x01fe, 446},
    {0x01ff, 447},
    {0x0200, 448},
    {0x0201, 449},
    {0x0202, 450},
    {0x0203, 451},
    {0x0204, 452},
    {0x0205, 453},
    {0x0206, 454},
    {0x0207, 455},
    {0x0208, 456},
    {0x0209, 457},
    {0x020a, 458},
    {0x020b, 459},
    {0x020c, 460},
    {0x020d, 461},
    {0x020e, 462},
    {0x020f, 463},
    {0x0210, 464},
    {0x0211, 465},
    {0x0212, 466},
    {0x0213, 467},
    {0x0214, 468},
    {0x0215, 469},
    {0x0216, 470},
    {0x0217, 471},
    {0x0218, 472},
    {0x0219, 473},
    {0x021a, 474},
    {0x021b, 475},
    {0x021c, 476},
    {0x021d, 477},
    {0x021e, 478},
    {0x021f, 479},
    {0x0250, 480},
    {0x0251, 481},
    {0x0252, 482},
    {0x0253, 483},
    {0x0254, 484},
    {0x0255, 485},
    {0x0256, 486},
    {0x0257, 487},
    {0x0258, 488},
    {0x0259, 489},
    {0x025a, 490},
    {0x025b, 491},
    {0x025c, 492},
    {0x025d, 493},
    {0x025e, 494},
    {0x025f, 495},
    {0x0260, 496},
    {0x0261, 497},
    {0x0262, 498},
    {0x0263, 499},
    {0x0264, 500},
    {0x0265, 501},
    {0x0266, 502},
    {0x0267, 503},
    {0x0268, 504},
    {0x0269, 505},
    {0x026a, 506},
    {0x026b, 507},
    {0x026c, 508},
    {0x026d, 509},
    {0x026e, 510},
    {0x026f, 511},
    {0x0270, 512},
    {0x0271, 513},
    {0x0272, 514},
    {0x0273, 515},
    {0x0274, 516},
    {0x0275, 517},
    {0x0276, 518},
    {0x0277, 519},
    {0x0278, 520},
    {0x0279, 521},
    {0x027a, 522},
    {0x027b, 523},
    {0x027c, 524},
    {0x027d, 525},
    {0x027e, 526},
    {0x027f, 527},
    {0x0280, 528},
    {0x0281, 529},
    {0x0282, 530},
    {0x0283, 531},
    {0x0284, 532},
    {0x0285, 533},
    {0x0286, 534},
    {0x0287, 535},
    {0x0288, 536},
    {0x0289, 537},
    {0x028a, 538},
    {0x028b, 539},
    {0x028c, 540},
    {0x028d, 541},
    {0x028e, 542},
    {0x028f, 543},
    {0x0290, 544},
    {0x0291, 545},
    {0x0292, 546},
    {0x0293, 547},
    {0x0294, 548},
    {0x0295, 549},
    {0x0296, 550},
    {0x0297, 551},
    {0x0298, 552},
    {0x0299, 553},
    {0x029a, 554},
    {0x029b, 555},
    {0x029c, 556},
    {0x029d, 557},
    {0x029e, 558},
    {0x029f, 559},
    {0x02a0, 560},
    {0x02a1, 561},
    {0x02a2, 562},
    {0x02a3, 563},
    {0x02a4, 564},
    {0x02a5, 565},
    {0x02a6, 566},
    {0x02a7, 567},
    {0x02a8, 568},
    {0x02b6, 569},
    {0x02b8, 570},
    {0x02b9, 571},
    {0x02bc, 572},
    {0x02bd, 573},
    {0x02c6, 574},
    {0x02c7, 575},
    {0x02c8, 576},
    {0x02c9, 577},
    {0x02cc, 578},
    {0x02d0, 579},
    {0x02d6, 580},
    {0x02d8, 581},
    {0x02d9, 582},
    {0x02da, 583},
    {0x02db, 584},
    {0x02dc, 585},
    {0x02dd, 586},
    {0x0300, 587},
    {0x0301, 588},
    {0x0302, 589},
    {0x0303, 590},
    {0x0304, 591},
    {0x0305, 592},
    {0x0306, 593},
    {0x0307, 594},
    {0x0308, 595},
    {0x0309, 596},
    {0x030a, 597},
    {0x030b, 598},
    {0x030c, 599},
    {0x030d, 600},
    {0x030e, 601},
    {0x030f, 602},
    {0x0310, 603},
    {0x0311, 604},
    {0x0323, 605},
    {0x0324, 606},
    {0x0338, 607},
    {0x0340, 608},
    {0x0341, 609},
    {0x0374, 610},
    {0x0375, 611},
    {0x037a, 612},
    {0x037e, 613},
    {0x0384, 614},
    {0x0385, 615},
    {0x0386, 616},
    {0x0387, 617},
    {0x0388, 618},
    {0x0389, 619},
    {0x038a, 620},
    {0x038c, 621},
    {0x038e, 622},
    {0x038f, 623},
    {0x0390, 624},
    {0x0391, 625},
    {0x0392, 626},
    {0x0393, 627},
    {0x0394, 628},
    {0x0395, 629},
    {0x0396, 630},
    {0x0397, 631},
    {0x0398, 632},
    {0x0399, 633},
    {0x039a, 634},
    {0x039b, 635},
    {0x039c, 636},
    {0x039d, 637},
    {0x039e, 638},
    {0x039f, 639},
    {0x03a0, 640},
    {0x03a1, 641},
    {0x03a3, 642},
    {0x03a4, 643},
    {0x03a5, 644},
    {0x03a6, 645},
    {0x03a7, 646},
    {0x03a8, 647},
    {0x03a9, 648},
    {0x03aa, 649},
    {0x03ab, 650},
    {0x03ac, 651},
    {0x03ad, 652},
    {0x03ae, 653},
    {0x03af, 654},
    {0x03b0, 655},
    {0x03b1, 656},
    {0x03b2, 657},
    {0x03b3, 658},
    {0x03b4, 659},
    {0x03b5, 660},
    {0x03b6, 661},
    {0x03b7, 662},
    {0x03b8, 663},
    {0x03b9, 664},
    {0x03ba, 665},
    {0x03bb, 666},
    {0x03bc, 667},
    {0x03bd, 668},
    {0x03be, 669},
    {0x03bf, 670},
    {0x03c0, 671},
    {0x03c1, 672},
    {0x03c2, 673},
    {0x03c3, 674},
    {0x03c4, 675},
    {0x03c5, 676},
    {0x03c6, 677},
    {0x03c7, 678},
    {0x03c8, 679},
    {0x03c9, 680},
    {0x03ca, 681},
    {0x03cb, 682},
    {0x03cc, 683},
    {0x03cd, 684},
    {0x03ce, 685},
    {0x03d0, 686},
    {0x03d1, 687},
    {0x03d2, 688},
    {0x03d3, 689},
    {0x03d4, 690},
    {0x03d5, 691},
    {0x03d6, 692},
    {0x03d7, 693},
    {0x03da, 694},
    {0x03db, 695},
    {0x03dc, 696},
    {0x03dd, 697},
    {0x03de, 698},
    {0x03df, 699},
    {0x03e0, 700},
    {0x03e1, 701},
    {0x03f0, 702},
    {0x03f1, 703},
    {0x03f2, 704},
    {0x03f3, 705},
    {0x03f4, 706},
    {0x03f5, 707},
    {0x0401, 708},
    {0x0402, 709},
    {0x0403, 710},
    {0x0404, 711},
    {0x0405, 712},
    {0x0406, 713},
    {0x0407, 714},
    {0x0408, 715},
    {0x0409, 716},
    {0x040a, 717},
    {0x040b, 718},
    {0x040c, 719},
    {0x040e, 720},
    {0x040f, 721},
    {0x0410, 722},
    {0x0411, 723},
    {0x0412, 724},
    {0x0413, 725},
    {0x0414, 726},
    {0x0415, 727},
    {0x0416, 728},
    {0x0417, 729},
    {0x0418, 730},
    {0x0419, 731},
    {0x041a, 732},
    {0x041b, 733},
    {0x041c, 734},
    {0x041d, 735},
    {0x041e, 736},
    {0x041f, 737},
    {0x0420, 738},
    {0x0421, 739},
    {0x0422, 740},
    {0x0423, 741},
    {0x0424, 742},
    {0x0425, 743},
    {0x0426, 744},
    {0x0427, 745},
    {0x0428, 746},
    {0x0429, 747},
    {0x042a, 748},
    {0x042b, 749},
    {0x042c, 750},
    {0x042d, 751},
    {0x042e, 752},
    {0x042f, 753},
    {0x0430, 754},
    {0x0431, 755},
    {0x0432, 756},
    {0x0433, 757},
    {0x0434, 758},
    {0x0435, 759},
    {0x0436, 760},
    {0x0437, 761},
    {0x0438, 762},
    {0x0439, 763},
    {0x043a, 764},
    {0x043b, 765},
    {0x043c, 766},
    {0x043d, 767},
    {0x043e, 768},
    {0x043f, 769},
    {0x0440, 770},
    {0x0441, 771},
    {0x0442, 772},
    {0x0443, 773},
    {0x0444, 774},
    {0x0445, 775},
    {0x0446, 776},
    {0x0447, 777},
    {0x0448, 778},
    {0x0449, 779},
    {0x044a, 780},
    {0x044b, 781},
    {0x044c, 782},
    {0x044d, 783},
    {0x044e, 784},
    {0x044f, 785},
    {0x0451, 786},
    {0x0452, 787},
    {0x0453, 788},
    {0x0454, 789},
    {0x0455, 790},
    {0x0456, 791},
    {0x0457, 792},
    {0x0458, 793},
    {0x0459, 794},
    {0x045a, 795},
    {0x045b, 796},
    {0x045c, 797},
    {0x045e, 798},
    {0x045f, 799},
    {0x0490, 800},
    {0x0491, 801},
    {0x0492, 802},
    {0x0493, 803},
    {0x0496, 804},
    {0x0497, 805},
    {0x049a, 806},
    {0x049b, 807},
    {0x04ae, 808},
    {0x04af, 809},
    {0x04b0, 810},
    {0x04b1, 811},
    {0x04b2, 812},
    {0x04b3, 813},
    {0x04ba, 814},
    {0x04bb, 815},
    {0x04d8, 816},
    {0x04d9, 817},
    {0x04e2, 818},
    {0x04e3, 819},
    {0x04e8, 820},
    {0x04e9, 821},
    {0x04ee, 822},
    {0x04ef, 823},
    {0x05d0, 824},
    {0x05d1, 825},
    {0x05d2, 826},
    {0x05d3, 827},
    {0x05d4, 828},
    {0x05d5, 829},
    {0x05d6, 830},
    {0x05d7, 831},
    {0x05d8, 832},
    {0x05d9, 833},
    {0x05da, 834},
    {0x05db, 835},
    {0x05dc, 836},
    {0x05dd, 837},
    {0x05de, 838},
    {0x05df, 839},
    {0x05e0, 840},
    {0x05e1, 841},
    {0x05e2, 842},
    {0x05e3, 843},
    {0x05e4, 844},
    {0x05e5, 845},
    {0x05e6, 846},
    {0x05e7, 847},
    {0x05e8, 848},
    {0x05e9, 849},
    {0x05ea, 850},
    {0x16a0, 851},
    {0x16a2, 852},
    {0x16a3, 853},
    {0x16a6, 854},
    {0x16a9, 855},
    {0x16aa, 856},
    {0x16ab, 857},
    {0x16b1, 858},
    {0x16b3, 859},
    {0x16b7, 860},
    {0x16b8, 861},
    {0x16b9, 862},
    {0x16bb, 863},
    {0x16be, 864},
    {0x16c0, 865},
    {0x16c4, 866},
    {0x16c7, 867},
    {0x16c8, 868},
    {0x16c9, 869},
    {0x16cb, 870},
    {0x16cf, 871},
    {0x16d2, 872},
    {0x16d6, 873},
    {0x16d7, 874},
    {0x16da, 875},
    {0x16dd, 876},
    {0x16de, 877},
    {0x16df, 878},
    {0x16e0, 879},
    {0x16e1, 880},
    {0x16e2, 881},
    {0x16e3, 882},
    {0x16e4, 883},
    {0x16eb, 884},
    {0x16ec, 885},
    {0x16ed, 886},
    {0x1e02, 887},
    {0x1e03, 888},
    {0x1e0a, 889},
    {0x1e0b, 890},
    {0x1e1e, 891},
    {0x1e1f, 892},
    {0x1e40, 893},
    {0x1e41, 894},
    {0x1e56, 895},
    {0x1e57, 896},
    {0x1e60, 897},
    {0x1e61, 898},
    {0x1e6a, 899},
    {0x1e6b, 900},
    {0x1e80, 901},
    {0x1e81, 902},
    {0x1e82, 903},
    {0x1e83, 904},
    {0x1e84, 905},
    {0x1e85, 906},
    {0x1ef2, 907},
    {0x1ef3, 908},
    {0x1f00, 909},
    {0x1f01, 910},
    {0x1f02, 911},
    {0x1f03, 912},
    {0x1f04, 913},
    {0x1f05, 914},
    {0x1f06, 915},
    {0x1f07, 916},
    {0x1f08, 917},
    {0x1f09, 918},
    {0x1f0a, 919},
    {0x1f0b, 920},
    {0x1f0c, 921},
    {0x1f0d, 922},
    {0x1f0e, 923},
    {0x1f0f, 924},
    {0x1f10, 925},
    {0x1f11, 926},
    {0x1f12, 927},
    {0x1f13, 928},
    {0x1f14, 929},
    {0x1f15, 930},
    {0x1f18, 931},
    {0x1f19, 932},
    {0x1f1a, 933},
    {0x1f1b, 934},
    {0x1f1c, 935},
    {0x1f1d, 936},
    {0x1f20, 937},
    {0x1f21, 938},
    {0x1f22, 939},
    {0x1f23, 940},
    {0x1f24, 941},
    {0x1f25, 942},
    {0x1f26, 943},
    {0x1f27, 944},
    {0x1f28, 945},
    {0x1f29, 946},
    {0x1f2a, 947},
    {0x1f2b, 948},
    {0x1f2c, 949},
    {0x1f2d, 950},
    {0x1f2e, 951},
    {0x1f2f, 952},
    {0x1f30, 953},
    {0x1f31, 954},
    {0x1f32, 955},
    {0x1f33, 956},
    {0x1f34, 957},
    {0x1f35, 958},
    {0x1f36, 959},
    {0x1f37, 960},
    {0x1f38, 961},
    {0x1f39, 962},
    {0x1f3a, 963},
    {0x1f3b, 964},
    {0x1f3c, 965},
    {0x1f3d, 966},
    {0x1f3e, 967},
    {0x1f3f, 968},
    {0x1f40, 969},
    {0x1f41, 970},
    {0x1f42, 971},
    {0x1f43, 972},
    {0x1f44, 973},
    {0x1f45, 974},
    {0x1f48, 975},
    {0x1f49, 976},
    {0x1f4a, 977},
    {0x1f4b, 978},
    {0x1f4c, 979},
    {0x1f4d, 980},
    {0x1f50, 981},
    {0x1f51, 982},
    {0x1f52, 983},
    {0x1f53, 984},
    {0x1f54, 985},
    {0x1f55, 986},
    {0x1f56, 987},
    {0x1f57, 988},
    {0x1f59, 989},
    {0x1f5b, 990},
    {0x1f5d, 991},
    {0x1f5f, 992},
    {0x1f60, 993},
    {0x1f61, 994},
    {0x1f62, 995},
    {0x1f63, 996},
    {0x1f64, 997},
    {0x1f65, 998},
    {0x1f66, 999},
    {0x1f67, 1000},
    {0x1f68, 1001},
    {0x1f69, 1002},
    {0x1f6a, 1003},
    {0x1f6b, 1004},
    {0x1f6c, 1005},
    {0x1f6d, 1006},
    {0x1f6e, 1007},
    {0x1f6f, 1008},
    {0x1f70, 1009},
    {0x1f71, 1010},
    {0x1f72, 1011},
    {0x1f73, 1012},
    {0x1f74, 1013},
    {0x1f75, 1014},
    {0x1f76, 1015},
    {0x1f77, 1016},
    {0x1f78, 1017},
    {0x1f79, 1018},
    {0x1f7a, 1019},
    {0x1f7b, 1020},
    {0x1f7c, 1021},
    {0x1f7d, 1022},
    {0x1f80, 1023},
    {0x1f81, 1024},
    {0x1f82, 1025},
    {0x1f83, 1026},
    {0x1f84, 1027},
    {0x1f85, 1028},
    {0x1f86, 1029},
    {0x1f87, 1030},
    {0x1f88, 1031},
    {0x1f89, 1032},
    {0x1f8a, 1033},
    {0x1f8b, 1034},
    {0x1f8c, 1035},
    {0x1f8d, 1036},
    {0x1f8e, 1037},
    {0x1f8f, 1038},
    {0x1f90, 1039},
    {0x1f91, 1040},
    {0x1f92, 1041},
    {0x1f93, 1042},
    {0x1f94, 1043},
    {0x1f95, 1044},
    {0x1f96, 1045},
    {0x1f97, 1046},
    {0x1f98, 1047},
    {0x1f99, 1048},
    {0x1f9a, 1049},
    {0x1f9b, 1050},
    {0x1f9c, 1051},
    {0x1f9d, 1052},
    {0x1f9e, 1053},
    {0x1f9f, 1054},
    {0x1fa0, 1055},
    {0x1fa1, 1056},
    {0x1fa2, 1057},
    {0x1fa3, 1058},
    {0x1fa4, 1059},
    {0x1fa5, 1060},
    {0x1fa6, 1061},
    {0x1fa7, 1062},
    {0x1fa8, 1063},
    {0x1fa9, 1064},
    {0x1faa, 1065},
    {0x1fab, 1066},
    {0x1fac, 1067},
    {0x1fad, 1068},
    {0x1fae, 1069},
    {0x1faf, 1070},
    {0x1fb0, 1071},
    {0x1fb1, 1072},
    {0x1fb2, 1073},
    {0x1fb3, 1074},
    {0x1fb4, 1075},
    {0x1fb6, 1076},
    {0x1fb7, 1077},
    {0x1fb8, 1078},
    {0x1fb9, 1079},
    {0x1fba, 1080},
    {0x1fbb, 1081},
    {0x1fbc, 1082},
    {0x1fbd, 1083},
    {0x1fbe, 1084},
    {0x1fbf, 1085},
    {0x1fc0, 1086},
    {0x1fc1, 1087},
    {0x1fc2, 1088},
    {0x1fc3, 1089},
    {0x1fc4, 1090},
    {0x1fc6, 1091},
    {0x1fc7, 1092},
    {0x1fc8, 1093},
    {0x1fc9, 1094},
    {0x1fca, 1095},
    {0x1fcb, 1096},
    {0x1fcc, 1097},
    {0x1fcd, 1098},
    {0x1fce, 1099},
    {0x1fcf, 1100},
    {0x1fd0, 1101},
    {0x1fd1, 1102},
    {0x1fd2, 1103},
    {0x1fd3, 1104},
    {0x1fd6, 1105},
    {0x1fd7, 1106},
    {0x1fd8, 1107},
    {0x1fd9, 1108},
    {0x1fda, 1109},
    {0x1fdb, 1110},
    {0x1fdd, 1111},
    {0x1fde, 1112},
    {0x1fdf, 1113},
    {0x1fe0, 1114},
    {0x1fe1, 1115},
    {0x1fe2, 1116},
    {0x1fe3, 1117},
    {0x1fe4, 1118},
    {0x1fe5, 1119},
    {0x1fe6, 1120},
    {0x1fe7, 1121},
    {0x1fe8, 1122},
    {0x1fe9, 1123},
    {0x1fea, 1124},
    {0x1feb, 1125},
    {0x1fec, 1126},
    {0x1fed, 1127},
    {0x1fee, 1128},
    {0x1fef, 1129},
    {0x1ff2, 1130},
    {0x1ff3, 1131},
    {0x1ff4, 1132},
    {0x1ff6, 1133},
    {0x1ff7, 1134},
    {0x1ff8, 1135},
    {0x1ff9, 1136},
    {0x1ffa, 1137},
    {0x1ffb, 1138},
    {0x1ffc, 1139},
    {0x1ffd, 1140},
    {0x1ffe, 1141},
    {0x2010, 1142},
    {0x2011, 1143},
    {0x2012, 1144},
    {0x2013, 1145},
    {0x2014, 1146},
    {0x2015, 1147},
    {0x2016, 1148},
    {0x2017, 1149},
    {0x2018, 1150},
    {0x2019, 1151},
    {0x201a, 1152},
    {0x201b, 1153},
    {0x201c, 1154},
    {0x201d, 1155},
    {0x201e, 1156},
    {0x201f, 1157},
    {0x2020, 1158},
    {0x2021, 1159},
    {0x2022, 1160},
    {0x2023, 1161},
    {0x2024, 1162},
    {0x2025, 1163},
    {0x2026, 1164},
    {0x2027, 1165},
    {0x2030, 1166},
    {0x2032, 1167},
    {0x2033, 1168},
    {0x2034, 1169},
    {0x2035, 1170},
    {0x2036, 1171},
    {0x2037, 1172},
    {0x2039, 1173},
    {0x203a, 1174},
    {0x203c, 1175},
    {0x203e, 1176},
    {0x2044, 1177},
    {0x2070, 1178},
    {0x2071, 1179},
    {0x2074, 1180},
    {0x2075, 1181},
    {0x2076, 1182},
    {0x2077, 1183},
    {0x2078, 1184},
    {0x2079, 1185},
    {0x207a, 1186},
    {0x207b, 1187},
    {0x207c, 1188},
    {0x207d, 1189},
    {0x207e, 1190},
    {0x207f, 1191},
    {0x2080, 1192},
    {0x2081, 1193},
    {0x2082, 1194},
    {0x2083, 1195},
    {0x2084, 1196},
    {0x2085, 1197},
    {0x2086, 1198},
    {0x2087, 1199},
    {0x2088, 1200},
    {0x2089, 1201},
    {0x208a, 1202},
    {0x208b, 1203},
    {0x208c, 1204},
    {0x208d, 1205},
    {0x208e, 1206},
    {0x20a3, 1207},
    {0x20a4, 1208},
    {0x20a7, 1209},
    {0x20ab, 1210},
    {0x20ac, 1211},
    {0x20af, 1212},
    {0x20d0, 1213},
    {0x20d1, 1214},
    {0x20d2, 1215},
    {0x20d3, 1216},
    {0x20d4, 1217},
    {0x20d5, 1218},
    {0x20d6, 1219},
    {0x20d7, 1220},
    {0x2102, 1221},
    {0x2105, 1222},
    {0x2113, 1223},
    {0x2115, 1224},
    {0x2116, 1225},
    {0x211a, 1226},
    {0x211d, 1227},
    {0x2122, 1228},
    {0x2124, 1229},
    {0x2126, 1230},
    {0x2127, 1231},
    {0x212e, 1232},
    {0x215b, 1233},
    {0x215c, 1234},
    {0x215d, 1235},
    {0x215e, 1236},
    {0x2190, 1237},
    {0x2191, 1238},
    {0x2192, 1239},
    {0x2193, 1240},
    {0x2194, 1241},
    {0x2195, 1242},
    {0x21a4, 1243},
    {0x21a5, 1244},
    {0x21a6, 1245},
    {0x21a7, 1246},
    {0x21a8, 1247},
    {0x21c4, 1248},
    {0x21c6, 1249},
    {0x21cb, 1250},
    {0x21cc, 1251},
    {0x21d0, 1252},
    {0x21d1, 1253},
    {0x21d2, 1254},
    {0x21d3, 1255},
    {0x21d4, 1256},
    {0x21d5, 1257},
    {0x2200, 1258},
    {0x2201, 1259},
    {0x2202, 1260},
    {0x2203, 1261},
    {0x2204, 1262},
    {0x2205, 1263},
    {0x2206, 1264},
    {0x2207, 1265},
    {0x2208, 1266},
    {0x2209, 1267},
    {0x220a, 1268},
    {0x220b, 1269},
    {0x220c, 1270},
    {0x220d, 1271},
    {0x220e, 1272},
    {0x220f, 1273},
    {0x2210, 1274},
    {0x2211, 1275},
    {0x2212, 1276},
    {0x2213, 1277},
    {0x2214, 1278},
    {0x2215, 1279},
    {0x2216, 1280},
    {0x2217, 1281},
    {0x2218, 1282},
    {0x2219, 1283},
    {0x221a, 1284},
    {0x221b, 1285},
    {0x221c, 1286},
    {0x221d, 1287},
    {0x221e, 1288},
    {0x221f, 1289},
    {0x2220, 1290},
    {0x2221, 1291},
    {0x2222, 1292},
    {0x2223, 1293},
    {0x2224, 1294},
    {0x2225, 1295},
    {0x2226, 1296},
    {0x2227, 1297},
    {0x2228, 1298},
    {0x2229, 1299},
    {0x222a, 1300},
    {0x222b, 1301},
    {0x222c, 1302},
    {0x222d, 1303},
    {0x222e, 1304},
    {0x222f, 1305},
    {0x2230, 1306},
    {0x2234, 1307},
    {0x2235, 1308},
    {0x2236, 1309},
    {0x2237, 1310},
    {0x2238, 1311},
    {0x2239, 1312},
    {0x223a, 1313},
    {0x223c, 1314},
    {0x2243, 1315},
    {0x2245, 1316},
    {0x2248, 1317},
    {0x2249, 1318},
    {0x2259, 1319},
    {0x225a, 1320},
    {0x225f, 1321},
    {0x2260, 1322},
    {0x2261, 1323},
    {0x2262, 1324},
    {0x2263, 1325},
    {0x2264, 1326},
    {0x2265, 1327},
    {0x226a, 1328},
    {0x226b, 1329},
    {0x2282, 1330},
    {0x2283, 1331},
    {0x2284, 1332},
    {0x2285, 1333},
    {0x2286, 1334},
    {0x2287, 1335},
    {0x2288, 1336},
    {0x2289, 1337},
    {0x228a, 1338},
    {0x228b, 1339},
    {0x2295, 1340},
    {0x2296, 1341},
    {0x2297, 1342},
    {0x2298, 1343},
    {0x2299, 1344},
    {0x22a2, 1345},
    {0x22a3, 1346},
    {0x22a4, 1347},
    {0x22a5, 1348},
    {0x22a6, 1349},
    {0x22a7, 1350},
    {0x22a8, 1351},
    {0x22c2, 1352},
    {0x22c3, 1353},
    {0x22c5, 1354},
    {0x22ee, 1355},
    {0x22ef, 1356},
    {0x22f0, 1357},
    {0x22f1, 1358},
    {0x2300, 1359},
    {0x2302, 1360},
    {0x2308, 1361},
    {0x2309, 1362},
    {0x230a, 1363},
    {0x230b, 1364},
    {0x2310, 1365},
    {0x2320, 1366},
    {0x2321, 1367},
    {0x23ba, 1368},
    {0x23bb, 1369},
    {0x23bc, 1370},
    {0x23bd, 1371},
    {0x2409, 1372},
    {0x240a, 1373},
    {0x240b, 1374},
    {0x240c, 1375},
    {0x240d, 1376},
    {0x2423, 1377},
    {0x2424, 1378},
    {0x2500, 1379},
    {0x2501, 1380},
    {0x2502, 1381},
    {0x2503, 1382},
    {0x2504, 1383},
    {0x2505, 1384},
    {0x2506, 1385},
    {0x2507, 1386},
    {0x2508, 1387},
    {0x2509, 1388},
    {0x250a, 1389},
    {0x250b, 1390},
    {0x250c, 1391},
    {0x250d, 1392},
    {0x250e, 1393},
    {0x250f, 1394},
    {0x2510, 1395},
    {0x2511, 1396},
    {0x2512, 1397},
    {0x2513, 1398},
    {0x2514, 1399},
    {0x2515, 1400},
    {0x2516, 1401},
    {0x2517, 1402},
    {0x2518, 1403},
    {0x2519, 1404},
    {0x251a, 1405},
    {0x251b, 1406},
    {0x251c, 1407},
    {0x251d, 1408},
    {0x251e, 1409},
    {0x251f, 1410},
    {0x2520, 1411},
    {0x2521, 1412},
    {0x2522, 1413},
    {0x2523, 1414},
    {0x2524, 1415},
    {0x2525, 1416},
    {0x2526, 1417},
    {0x2527, 1418},
    {0x2528, 1419},
    {0x2529, 1420},
    {0x252a, 1421},
    {0x252b, 1422},
    {0x252c, 1423},
    {0x252d, 1424},
    {0x252e, 1425},
    {0x252f, 1426},
    {0x2530, 1427},
    {0x2531, 1428},
    {0x2532, 1429},
    {0x2533, 1430},
    {0x2534, 1431},
    {0x2535, 1432},
    {0x2536, 1433},
    {0x2537, 1434},
    {0x2538, 1435},
    {0x2539, 1436},
    {0x253a, 1437},
    {0x253b, 1438},
    {0x253c, 1439},
    {0x253d, 1440},
    {0x253e, 1441},
    {0x253f, 1442},
    {0x2540, 1443},
    {0x2541, 1444},
    {0x2542, 1445},
    {0x2543, 1446},
    {0x2544, 1447},
    {0x2545, 1448},
    {0x2546, 1449},
    {0x2547, 1450},
    {0x2548, 1451},
    {0x2549, 1452},
    {0x254a, 1453},
    {0x254b, 1454},
    {0x254c, 1455},
    {0x254d, 1456},
    {0x254e, 1457},
    {0x254f, 1458},
    {0x2550, 1459},
    {0x2551, 1460},
    {0x2552, 1461},
    {0x2553, 1462},
    {0x2554, 1463},
    {0x2555, 1464},
    {0x2556, 1465},
    {0x2557, 1466},
    {0x2558, 1467},
    {0x2559, 1468},
    {0x255a, 1469},
    {0x255b, 1470},
    {0x255c, 1471},
    {0x255d, 1472},
    {0x255e, 1473},
    {0x255f, 1474},
    {0x2560, 1475},
    {0x2561, 1476},
    {0x2562, 1477},
    {0x2563, 1478},
    {0x2564, 1479},
    {0x2565, 1480},
    {0x2566, 1481},
    {0x2567, 1482},
    {0x2568, 1483},
    {0x2569, 1484},
    {0x256a, 1485},
    {0x256b, 1486},
    {0x256c, 1487},
    {0x256d, 1488},
    {0x256e, 1489},
    {0x256f, 1490},
    {0x2570, 1491},
    {0x2571, 1492},
    {0x2572, 1493},
    {0x2573, 1494},
    {0x2574, 1495},
    {0x2575, 1496},
    {0x2576, 1497},
    {0x2577, 1498},
    {0x2578, 1499},
    {0x2579, 1500},
    {0x257a, 1501},
    {0x257b, 1502},
    {0x257c, 1503},
    {0x257d, 1504},
    {0x257e, 1505},
    {0x257f, 1506},
    {0x2580, 1507},
    {0x2581, 1508},
    {0x2582, 1509},
    {0x2583, 1510},
    {0x2584, 1511},
    {0x2585, 1512},
    {0x2586, 1513},
    {0x2587, 1514},
    {0x2588, 1515},
    {0x2589, 1516},
    {0x258a, 1517},
    {0x258b, 1518},
    {0x258c, 1519},
    {0x258d, 1520},
    {0x258e, 1521},
    {0x258f, 1522},
    {0x2590, 1523},
    {0x2591, 1524},
    {0x2592, 1525},
    {0x2593, 1526},
    {0x2594, 1527},
    {0x2595, 1528},
    {0x2596, 1529},
    {0x2597, 1530},
    {0x2598, 1531},
    {0x2599, 1532},
    {0x259a, 1533},
    {0x259b, 1534},
    {0x259c, 1535},
    {0x259d, 1536},
    {0x259e, 1537},
    {0x259f, 1538},
    {0x25a0, 1539},
    {0x25a1, 1540},
    {0x25aa, 1541},
    {0x25ab, 1542},
    {0x25ac, 1543},
    {0x25ad, 1544},
    {0x25ae, 1545},
    {0x25b2, 1546},
    {0x25b3, 1547},
    {0x25b6, 1548},
    {0x25b7, 1549},
    {0x25b8, 1550},
    {0x25b9, 1551},
    {0x25ba, 1552},
    {0x25bb, 1553},
    {0x25bc, 1554},
    {0x25bd, 1555},
    {0x25c0, 1556},
    {0x25c1, 1557},
    {0x25c2, 1558},
    {0x25c3, 1559},
    {0x25c4, 1560},
    {0x25c5, 1561},
    {0x25c6, 1562},
    {0x25ca, 1563},
    {0x25cb, 1564},
    {0x25cf, 1565},
    {0x25d8, 1566},
    {0x25d9, 1567},
    {0x25e6, 1568},
    {0x2639, 1569},
    {0x263a, 1570},
    {0x263b, 1571},
    {0x263c, 1572},
    {0x2640, 1573},
    {0x2641, 1574},
    {0x2642, 1575},
    {0x2660, 1576},
    {0x2663, 1577},
    {0x2665, 1578},
    {0x2666, 1579},
    {0x2669, 1580},
    {0x266a, 1581},
    {0x266b, 1582},
    {0x266c, 1583},
    {0x266d, 1584},
    {0x266e, 1585},
    {0x266f, 1586},
    {0x27e8, 1587},
    {0x27e9, 1588},
    {0x2800, 1589},
    {0x2801, 1590},
    {0x2802, 1591},
    {0x2803, 1592},
    {0x2804, 1593},
    {0x2805, 1594},
    {0x2806, 1595},
    {0x2807, 1596},
    {0x2808, 1597},
    {0x2809, 1598},
    {0x280a, 1599},
    {0x280b, 1600},
    {0x280c, 1601},
    {0x280d, 1602},
    {0x280e, 1603},
    {0x280f, 1604},
    {0x2810, 1605},
    {0x2811, 1606},
    {0x2812, 1607},
    {0x2813, 1608},
    {0x2814, 1609},
    {0x2815, 1610},
    {0x2816, 1611},
    {0x2817, 1612},
    {0x2818, 1613},
    {0x2819, 1614},
    {0x281a, 1615},
    {0x281b, 1616},
    {0x281c, 1617},
    {0x281d, 1618},
    {0x281e, 1619},
    {0x281f, 1620},
    {0x2820, 1621},
    {0x2821, 1622},
    {0x2822, 1623},
    {0x2823, 1624},
    {0x2824, 1625},
    {0x2825, 1626},
    {0x2826, 1627},
    {0x2827, 1628},
    {0x2828, 1629},
    {0x2829, 1630},
    {0x282a, 1631},
    {0x282b, 1632},
    {0x282c, 1633},
    {0x282d, 1634},
    {0x282e, 1635},
    {0x282f, 1636},
    {0x2830, 1637},
    {0x2831, 1638},
    {0x2832, 1639},
    {0x2833, 1640},
    {0x2834, 1641},
    {0x2835, 1642},
    {0x2836, 1643},
    {0x2837, 1644},
    {0x2838, 1645},
    {0x2839, 1646},
    {0x283a, 1647},
    {0x283b, 1648},
    {0x283c, 1649},
    {0x283d, 1650},
    {0x283e, 1651},
    {0x283f, 1652},
    {0x2840, 1653},
    {0x2841, 1654},
    {0x2842, 1655},
    {0x2843, 1656},
    {0x2844, 1657},
    {0x2845, 1658},
    {0x2846, 1659},
    {0x2847, 1660},
    {0x2848, 1661},
    {0x2849, 1662},
    {0x284a, 1663},
    {0x284b, 1664},
    {0x284c, 1665},
    {0x284d, 1666},
    {0x284e, 1667},
    {0x284f, 1668},
    {0x2850, 1669},
    {0x2851, 1670},
    {0x2852, 1671},
    {0x2853, 1672},
    {0x2854, 1673},
    {0x2855, 1674},
    {0x2856, 1675},
    {0x2857, 1676},
    {0x2858, 1677},
    {0x2859, 1678},
    {0x285a, 1679},
    {0x285b, 1680},
    {0x285c, 1681},
    {0x285d, 1682},
    {0x285e, 1683},
    {0x285f, 1684},
    {0x2860, 1685},
    {0x2861, 1686},
    {0x2862, 1687},
    {0x2863, 1688},
    {0x2864, 1689},
    {0x2865, 1690},
    {0x2866, 1691},
    {0x2867, 1692},
    {0x2868, 1693},
    {0x2869, 1694},
    {0x286a, 1695},
    {0x286b, 1696},
    {0x286c, 1697},
    {0x286d, 1698},
    {0x286e, 1699},
    {0x286f, 1700},
    {0x2870, 1701},
    {0x2871, 1702},
    {0x2872, 1703},
    {0x2873, 1704},
    {0x2874, 1705},
    {0x2875, 1706},
    {0x2876, 1707},
    {0x2877, 1708},
    {0x2878, 1709},
    {0x2879, 1710},
    {0x287a, 1711},
    {0x287b, 1712},
    {0x287c, 1713},
    {0x287d, 1714},
    {0x287e, 1715},
    {0x287f, 1716},
    {0x2880, 1717},
    {0x2881, 1718},
    {0x2882, 1719},
    {0x2883, 1720},
    {0x2884, 1721},
    {0x2885, 1722},
    {0x2886, 1723},
    {0x2887, 1724},
    {0x2888, 1725},
    {0x2889, 1726},
    {0x288a, 1727},
    {0x288b, 1728},
    {0x288c, 1729},
    {0x288d, 1730},
    {0x288e, 1731},
    {0x288f, 1732},
    {0x2890, 1733},
    {0x2891, 1734},
    {0x2892, 1735},
    {0x2893, 1736},
    {0x2894, 1737},
    {0x2895, 1738},
    {0x2896, 1739},
    {0x2897, 1740},
    {0x2898, 1741},
    {0x2899, 1742},
    {0x289a, 1743},
    {0x289b, 1744},
    {0x289c, 1745},
    {0x289d, 1746},
    {0x289e, 1747},
    {0x289f, 1748},
    {0x28a0, 1749},
    {0x28a1, 1750},
    {0x28a2, 1751},
    {0x28a3, 1752},
    {0x28a4, 1753},
    {0x28a5, 1754},
    {0x28a6, 1755},
    {0x28a7, 1756},
    {0x28a8, 1757},
    {0x28a9, 1758},
    {0x28aa, 1759},
    {0x28ab, 1760},
    {0x28ac, 1761},
    {0x28ad, 1762},
    {0x28ae, 1763},
    {0x28af, 1764},
    {0x28b0, 1765},
    {0x28b1, 1766},
    {0x28b2, 1767},
    {0x28b3, 1768},
    {0x28b4, 1769},
    {0x28b5, 1770},
    {0x28b6, 1771},
    {0x28b7, 1772},
    {0x28b8, 1773},
    {0x28b9, 1774},
    {0x28ba, 1775},
    {0x28bb, 1776},
    {0x28bc, 1777},
    {0x28bd, 1778},
    {0x28be, 1779},
    {0x28bf, 1780},
    {0x28c0, 1781},
    {0x28c1, 1782},
    {0x28c2, 1783},
    {0x28c3, 1784},
    {0x28c4, 1785},
    {0x28c5, 1786},
    {0x28c6, 1787},
    {0x28c7, 1788},
    {0x28c8, 1789},
    {0x28c9, 1790},
    {0x28ca, 1791},
    {0x28cb, 1792},
    {0x28cc, 1793},
    {0x28cd, 1794},
    {0x28ce, 1795},
    {0x28cf, 1796},
    {0x28d0, 1797},
    {0x28d1, 1798},
    {0x28d2, 1799},
    {0x28d3, 1800},
    {0x28d4, 1801},
    {0x28d5, 1802},
    {0x28d6, 1803},
    {0x28d7, 1804},
    {0x28d8, 1805},
    {0x28d9, 1806},
    {0x28da, 1807},
    {0x28db, 1808},
    {0x28dc, 1809},
    {0x28dd, 1810},
    {0x28de, 1811},
    {0x28df, 1812},
    {0x28e0, 1813},
    {0x28e1, 1814},
    {0x28e2, 1815},
    {0x28e3, 1816},
    {0x28e4, 1817},
    {0x28e5, 1818},
    {0x28e6, 1819},
    {0x28e7, 1820},
    {0x28e8, 1821},
    {0x28e9, 1822},
    {0x28ea, 1823},
    {0x28eb, 1824},
    {0x28ec, 1825},
    {0x28ed, 1826},
    {0x28ee, 1827},
    {0x28ef, 1828},
    {0x28f0, 1829},
    {0x28f1, 1830},
    {0x28f2, 1831},
    {0x28f3, 1832},
    {0x28f4, 1833},
    {0x28f5, 1834},
    {0x28f6, 1835},
    {0x28f7, 1836},
    {0x28f8, 1837},
    {0x28f9, 1838},
    {0x28fa, 1839},
    {0x28fb, 1840},
    {0x28fc, 1841},
    {0x28fd, 1842},
    {0x28fe, 1843},
    {0x28ff, 1844},
    {0xfb01, 1845},
    {0xfb02, 1846},
    {0xfffd, 1847},
};

static const u8 Font5x7_Widths[] = {
    5, 5, 5, 5, 5, 5, 5, 5, 5, 5, 5, 5,
    5, 5, 5, 5, 5, 5, 5, 5, 5, 5, 5, 5,
    5, 5, 5, 5, 5, 5, 5, 5, 5, 5, 5, 5,
    5, 5, 5, 5, 5, 5, 5, 5, 5, 5, 5, 5,
    5, 5, 5, 5, 5, 5, 5, 5, 5, 5, 5, 5,
    5, 5, 5, 5, 5, 5, 5, 5, 5, 5, 5, 5,
    5, 5, 5, 5, 5, 5, 5, 5, 5, 5, 5, 5,
    5, 5, 5, 5, 5, 5, 5, 5, 5, 5, 5, 5,
    5, 5, 5, 5, 5, 5, 5, 5, 5, 5, 5, 5,
    5, 5, 5, 5, 5, 5, 5, 5, 5, 5, 5, 5,
    5, 5, 5, 5, 5, 5, 5, 5, 5, 5, 5, 5,
    5, 5, 5, 5, 5, 5, 5, 5, 5, 5, 5, 5,
    5, 5, 5, 5, 5, 5, 5, 5, 5, 5, 5, 5,
    5, 5, 5, 5, 5, 5, 5, 5, 5, 5, 5, 5,
    5, 5, 5, 5, 5, 5, 5, 5, 5, 5, 5, 5,
    5, 5, 5, 5, 5, 5, 5, 5, 5, 5, 5, 5,
    5, 5, 5, 5, 5, 5, 5, 5, 5, 5, 5, 5,
    5, 5, 5, 5, 5, 5, 5, 5, 5, 5, 5, 5,
    5, 5, 5, 5, 5, 5, 5, 5, 5, 5, 5, 5,
    5, 5, 5, 5, 5, 5, 5, 5, 5, 5, 5, 5,
    5, 5, 5, 5, 5, 5, 5, 5, 5, 5, 5, 5,
    5, 5, 5, 5, 5, 5, 5, 5, 5, 5, 5, 5,
    5, 5, 5, 5, 5, 5, 5, 5, 5, 5, 5, 5,
    5, 5, 5, 5, 5, 5, 5, 5, 5, 5, 5, 5,
    5, 5, 5, 5, 5, 5, 5, 5, 5, 5, 5, 5,
    5, 5, 5, 5, 5, 5, 5, 5, 5, 5, 5, 5,
    5, 5, 5, 5, 5, 5, 5, 5, 5, 5, 5, 5,
    5, 5, 5, 5, 5, 5, 5, 5, 5, 5, 5, 5,
    5, 5, 5, 5, 5, 5, 5, 5, 5, 5, 5, 5,
    5, 5, 5, 5, 5, 5, 5, 5, 5, 5, 5, 5,
    5, 5, 5, 5, 5, 5, 5, 5, 5, 5, 5, 5,
    5, 5, 5, 5, 5, 5, 5, 5, 5, 5, 5, 5,
    5, 5, 5, 5, 5, 5, 5, 5, 5, 5, 5, 5,
    5, 5, 5, 5, 5, 5, 5, 5, 5, 5, 5, 5,
    5, 5, 5, 5, 5, 5, 5, 5, 5, 5, 5, 5,
    5, 5, 5, 5, 5, 5, 5, 5, 5, 5, 5, 5,
    5, 5, 5, 5, 5, 5, 5, 5, 5, 5, 5, 5,
    5, 5, 5, 5, 5, 5, 5, 5, 5, 5, 5, 5,
    5, 5, 5, 5, 5, 5, 5, 5, 5, 5, 5, 5,
    5, 5, 5, 5, 5, 5, 5, 5, 5, 5, 5, 5,
    5, 5, 5, 5, 5, 5, 5, 5, 5, 5, 5, 5,
    5, 5, 5, 5, 5, 5, 5, 5, 5, 5, 5, 5,
    5, 5, 5, 5, 5, 5, 5, 5, 5, 5, 5, 5,
    5, 5, 5, 5, 5, 5, 5, 5, 5, 5, 5, 5,
    5, 5, 5, 5, 5, 5, 5, 5, 5, 5, 5, 5,
    5, 5, 5, 5, 5, 5, 5, 5, 5, 5, 5, 5,
    5, 5, 5, 5, 5, 5, 5, 5, 5, 5, 5, 5,
    5, 5, 5, 5, 5, 5, 5, 5, 5, 5, 5, 5,
    5, 5, 5, 5, 5, 5, 5, 5, 5, 5, 5, 5,
    5, 5, 5, 5, 5, 5, 5, 5, 5, 5, 5, 5,
    5, 5, 5, 5, 5, 5, 5, 5, 5, 5, 5, 5,
    5, 5, 5, 5, 5, 5, 5, 5, 5, 5, 5, 5,
    5, 5, 5, 5, 5, 5, 5, 5, 5, 5, 5, 5,
    5, 5, 5, 5, 5, 5, 5, 5, 5, 5, 5, 5,
    5, 5, 5, 5, 5, 5, 5, 5, 5, 5, 5, 5,
    5, 5, 5, 5, 5, 5, 5, 5, 5, 5, 5, 5,
    5, 5, 5, 5, 5, 5, 5, 5, 5, 5, 5, 5,
    5, 5, 5, 5, 5, 5, 5, 5, 5, 5, 5, 5,
    5, 5, 5, 5, 5, 5, 5, 5, 5, 5, 5, 5,
    5, 5, 5, 5, 5, 5, 5, 5, 5, 5, 5, 5,
    5, 5, 5, 5, 5, 5, 5, 5, 5, 5, 5, 5,
    5, 5, 5, 5, 5, 5, 5, 5, 5, 5, 5, 5,
    5, 5, 5, 5, 5, 5, 5, 5, 5, 5, 5, 5,
    5, 5, 5, 5, 5, 5, 5, 5, 5, 5, 5, 5,
    5, 5, 5, 5, 5, 5, 5, 5, 5, 5, 5, 5,
    5, 5, 5, 5, 5, 5, 5, 5, 5, 5, 5, 5,
    5, 5, 5, 5, 5, 5, 5, 5, 5, 5, 5, 5,
    5, 5, 5, 5, 5, 5, 5, 5, 5, 5, 5, 5,
    5, 5, 5, 5, 5, 5, 5, 5, 5, 5, 5, 5,
    5, 5, 5, 5, 5, 5, 5, 5, 5, 5, 5, 5,
    5, 5, 5, 5, 5, 5, 5, 5, 5, 5, 5, 5,
    5, 5, 5, 5, 5, 5, 5, 5, 5, 5, 5, 5,
    5, 5, 5, 5, 5, 5, 5, 5, 5, 5, 5, 5,
    5, 5, 5, 5, 5, 5, 5, 5, 5, 5, 5, 5,
    5, 5, 5, 5, 5, 5, 5, 5, 5, 5, 5, 5,
    5, 5, 5, 5, 5, 5, 5, 5, 5, 5, 5, 5,
    5, 5, 5, 5, 5, 5, 5, 5, 5, 5, 5, 5,
    5, 5, 5, 5, 5, 5, 5, 5, 5, 5, 5, 5,
    5, 5, 5, 5, 5, 5, 5, 5, 5, 5, 5, 5,
    5, 5, 5, 5, 5, 5, 5, 5, 5, 5, 5, 5,
    5, 5, 5, 5, 5, 5, 5, 5, 5, 5, 5, 5,
    5, 5, 5, 5, 5, 5, 5, 5, 5, 5, 5, 5,
    5, 5, 5, 5, 5, 5, 5, 5, 5, 5, 5, 5,
    5, 5, 5, 5, 5, 5, 5, 5, 5, 5, 5, 5,
    5, 5, 5, 5, 5, 5, 5, 5, 5, 5, 5, 5,
    5, 5, 5, 5, 5, 5, 5, 5, 5, 5, 5, 5,
    5, 5, 5, 5, 5, 5, 5, 5, 5, 5, 5, 5,
    5, 5, 5, 5, 5, 5, 5, 5, 5, 5, 5, 5,
    5, 5, 5, 5, 5, 5, 5, 5, 5, 5, 5, 5,
    5, 5, 5, 5, 5, 5, 5, 5, 5, 5, 5, 5,
    5, 5, 5, 5, 5, 5, 5, 5, 5, 5, 5, 5,
    5, 5, 5, 5, 5, 5, 5, 5, 5, 5, 5, 5,
    5, 5, 5, 5, 5, 5, 5, 5, 5, 5, 5, 5,
    5, 5, 5, 5, 5, 5, 5, 5, 5, 5, 5, 5,
    5, 5, 5, 5, 5, 5, 5, 5, 5, 5, 5, 5,
    5, 5, 5, 5, 5, 5, 5, 5, 5, 5, 5, 5,
    5, 5, 5, 5, 5, 5, 5, 5, 5, 5, 5, 5,
    5, 5, 5, 5, 5, 5, 5, 5, 5, 5, 5, 5,
    5, 5, 5, 5, 5, 5, 5, 5, 5, 5, 5, 5,
    5, 5, 5, 5, 5, 5, 5, 5, 5, 5, 5, 5,
    5, 5, 5, 5, 5, 5, 5, 5, 5, 5, 5, 5,
    5, 5, 5, 5, 5, 5, 5, 5, 5, 5, 5, 5,
    5, 5, 5, 5, 5, 5, 5, 5, 5, 5, 5, 5,
    5, 5, 5, 5, 5, 5, 5, 5, 5, 5, 5, 5,
    5, 5, 5, 5, 5, 5, 5, 5, 5, 5, 5, 5,
    5, 5, 5, 5, 5, 5, 5, 5, 5, 5, 5, 5,
    5, 5, 5, 5, 5, 5, 5, 5, 5, 5, 5, 5,
    5, 5, 5, 5, 5, 5, 5, 5, 5, 5, 5, 5,
    5, 5, 5, 5, 5, 5, 5, 5, 5, 5, 5, 5,
    5, 5, 5, 5, 5, 5, 5, 5, 5, 5, 5, 5,
    5, 5, 5, 5, 5, 5, 5, 5, 5, 5, 5, 5,
    5, 5, 5, 5, 5, 5, 5, 5, 5, 5, 5, 5,
    5, 5, 5, 5, 5, 5, 5, 5, 5, 5, 5, 5,
    5, 5, 5, 5, 5, 5, 5, 5, 5, 5, 5, 5,
    5, 5, 5, 5, 5, 5, 5, 5, 5, 5, 5, 5,
    5, 5, 5, 5, 5, 5, 5, 5, 5, 5, 5, 5,
    5, 5, 5, 5, 5, 5, 5, 5, 5, 5, 5, 5,
    5, 5, 5, 5, 5, 5, 5, 5, 5, 5, 5, 5,
    5, 5, 5, 5, 5, 5, 5, 5, 5, 5, 5, 5,
    5, 5, 5, 5, 5, 5, 5, 5, 5, 5, 5, 5,
    5, 5, 5, 5, 5, 5, 5, 5, 5, 5, 5, 5,
    5, 5, 5, 5, 5, 5, 5, 5, 5, 5, 5, 5,
    5, 5, 5, 5, 5, 5, 5, 5, 5, 5, 5, 5,
    5, 5, 5, 5, 5, 5, 5, 5, 5, 5, 5, 5,
    5, 5, 5, 5, 5, 5, 5, 5, 5, 5, 5, 5,
    5, 5, 5, 5, 5, 5, 5, 5, 5, 5, 5, 5,
    5, 5, 5, 5, 5, 5, 5, 5, 5, 5, 5, 5,
    5, 5, 5, 5, 5, 5, 5, 5, 5, 5, 5, 5,
    5, 5, 5, 5, 5, 5, 5, 5, 5, 5, 5, 5,
    5, 5, 5, 5, 5, 5, 5, 5, 5, 5, 5, 5,
    5, 5, 5, 5, 5, 5, 5, 5, 5, 5, 5, 5,
    5, 5, 5, 5, 5, 5, 5, 5, 5, 5, 5, 5,
    5, 5, 5, 5, 5, 5, 5, 5, 5, 5, 5, 5,
    5, 5, 5, 5, 5, 5, 5, 5, 5, 5, 5, 5,
    5, 5, 5, 5, 5, 5, 5, 5, 5, 5, 5, 5,
    5, 5, 5, 5, 5, 5, 5, 5, 5, 5, 5, 5,
    5, 5, 5, 5, 5, 5, 5, 5, 5, 5, 5, 5,
    5, 5, 5, 5, 5, 5, 5, 5, 5, 5, 5, 5,
    5, 5, 5, 5, 5, 5, 5, 5, 5, 5, 5, 5,
    5, 5, 5, 5, 5, 5, 5, 5, 5, 5, 5, 5,
    5, 5, 5, 5, 5, 5, 5, 5, 5, 5, 5, 5,
    5, 5, 5, 5, 5, 5, 5, 5, 5, 5, 5, 5,
    5, 5, 5, 5, 5, 5, 5, 5, 5, 5, 5, 5,
    5, 5, 5, 5, 5, 5, 5, 5, 5, 5, 5, 5,
    5, 5, 5, 5, 5, 5, 5, 5, 5, 5, 5, 5,
    5, 5, 5, 5, 5, 5, 5, 5, 5, 5, 5, 5,
    5, 5, 5, 5, 5, 5, 5, 5, 5, 5, 5, 5,
    5, 5, 5, 5, 5, 5, 5, 5, 5, 5, 5, 5,
    5, 5, 5, 5, 5, 5, 5, 5, 5, 5, 5, 5,
    5, 5, 5, 5, 5, 5, 5, 5, 5, 5, 5, 5,
    5, 5, 5, 5, 5, 5, 5, 5, 5, 5, 5, 5,
    5, 5, 5, 5, 5, 5, 5, 5, 5, 5, 5, 5,
    5, 5, 5, 5, 5, 5, 5, 5, 5, 5, 5, 5,
    5, 5, 5, 5, 5, 5, 5, 5, 5, 5, 5, 5,
};

const Font Font5x7 = {
    "X11 5x7",
    5, 7,
    6, 1,
    1848, 1847,
    FONT_MONOSPACE,
    Font5x7_Glyphs, Font5x7_Map, Font5x7_Widths
};
