#include "runtime/fonts/font_5x8.h"

static const u8 Font5x8_Glyphs[] = {
    0x00, 0xa0, 0x10, 0x80, 0x10, 0x80, 0x50, 0x00, 0x00, 0x00, 0x00, 0x00,
    0x00, 0x00, 0x00, 0x00, 0x00, 0x20, 0x20, 0x20, 0x20, 0x00, 0x20, 0x00,
    0x00, 0x50, 0x50, 0x50, 0x00, 0x00, 0x00, 0x00, 0x50, 0x50, 0xf8, 0x50,
    0xf8, 0x50, 0x50, 0x00, 0x20, 0x70, 0xa0, 0x70, 0x28, 0x70, 0x20, 0x00,
    0x00, 0x40, 0x50, 0x20, 0x50, 0x10, 0x00, 0x00, 0x40, 0xa0, 0xa0, 0x40,
    0xa0, 0xa0, 0x50, 0x00, 0x00, 0x20, 0x20, 0x20, 0x00, 0x00, 0x00, 0x00,
    0x00, 0x20, 0x40, 0x40, 0x40, 0x40, 0x20, 0x00, 0x00, 0x40, 0x20, 0x20,
    0x20, 0x20, 0x40, 0x00, 0x00, 0x00, 0x90, 0x60, 0xf0, 0x60, 0x90, 0x00,
    0x00, 0x00, 0x20, 0x20, 0xf8, 0x20, 0x20, 0x00, 0x00, 0x00, 0x00, 0x00,
    0x00, 0x30, 0x20, 0x40, 0x00, 0x00, 0x00, 0x00, 0xf0, 0x00, 0x00, 0x00,
    0x00, 0x00, 0x00, 0x00, 0x00, 0x20, 0x70, 0x20, 0x00, 0x10, 0x10, 0x20,
    0x40, 0x80, 0x80, 0x00, 0x00, 0x20, 0x50, 0x50, 0x50, 0x50, 0x20, 0x00,
    0x00, 0x20, 0x60, 0x20, 0x20, 0x20, 0x70, 0x00, 0x00, 0x60, 0x90, 0x10,
    0x60, 0x80, 0xf0, 0x00, 0x00, 0xf0, 0x20, 0x60, 0x10, 0x90, 0x60, 0x00,
    0x00, 0x20, 0x60, 0xa0, 0xf0, 0x20, 0x20, 0x00, 0x00, 0xf0, 0x80, 0xe0,
    0x10, 0x90, 0x60, 0x00, 0x00, 0x60, 0x80, 0xe0, 0x90, 0x90, 0x60, 0x00,
    0x00, 0xf0, 0x10, 0x20, 0x20, 0x40, 0x40, 0x00, 0x00, 0x60, 0x90, 0x60,
    0x90, 0x90, 0x60, 0x00, 0x00, 0x60, 0x90, 0x90, 0x70, 0x10, 0x60, 0x00,
    0x00, 0x00, 0x60, 0x60, 0x00, 0x60, 0x60, 0x00, 0x00, 0x00, 0x30, 0x30,
    0x00, 0x30, 0x20, 0x40, 0x00, 0x10, 0x20, 0x40, 0x40, 0x20, 0x10, 0x00,
    0x00, 0x00, 0x00, 0xf0, 0x00, 0xf0, 0x00, 0x00, 0x00, 0x40, 0x20, 0x10,
    0x10, 0x20, 0x40, 0x00, 0x00, 0x20, 0x50, 0x10, 0x20, 0x00, 0x20, 0x00,
    0x30, 0x48, 0x98, 0xa8, 0xa8, 0x90, 0x40, 0x30, 0x00, 0x60, 0x90, 0x90,
    0xf0, 0x90, 0x90, 0x00, 0x00, 0xe0, 0x90, 0xe0, 0x90, 0x90, 0xe0, 0x00,
    0x00, 0x60, 0x90, 0x80, 0x80, 0x90, 0x60, 0x00, 0x00, 0xe0, 0x90, 0x90,
    0x90, 0x90, 0xe0, 0x00, 0x00, 0xf0, 0x80, 0xe0, 0x80, 0x80, 0xf0, 0x00,
    0x00, 0xf0, 0x80, 0xe0, 0x80, 0x80, 0x80, 0x00, 0x00, 0x60, 0x90, 0x80,
    0xb0, 0x90, 0x60, 0x00, 0x00, 0x90, 0x90, 0xf0, 0x90, 0x90, 0x90, 0x00,
    0x00, 0x70, 0x20, 0x20, 0x20, 0x20, 0x70, 0x00, 0x00, 0x70, 0x20, 0x20,
    0x20, 0xa0, 0x40, 0x00, 0x00, 0x90, 0xa0, 0xc0, 0xa0, 0xa0, 0x90, 0x00,
    0x00, 0x80, 0x80, 0x80, 0x80, 0x80, 0xf0, 0x00, 0x00, 0x90, 0xf0, 0xf0,
    0x90, 0x90, 0x90, 0x00, 0x00, 0x90, 0xd0, 0xf0, 0xb0, 0xb0, 0x90, 0x00,
    0x00, 0x60, 0x90, 0x90, 0x90, 0x90, 0x60, 0x00, 0x00, 0xe0, 0x90, 0x90,
    0xe0, 0x80, 0x80, 0x00, 0x00, 0x60, 0x90, 0x90, 0xd0, 0xb0, 0x60, 0x10,
    0x00, 0xe0, 0x90, 0x90, 0xe0, 0x90, 0x90, 0x00, 0x00, 0x60, 0x90, 0x40,
    0x20, 0x90, 0x60, 0x00, 0x00, 0x70, 0x20, 0x20, 0x20, 0x20, 0x20, 0x00,
    0x00, 0x90, 0x90, 0x90, 0x90, 0x90, 0x60, 0x00, 0x00, 0x90, 0x90, 0x90,
    0x90, 0x60, 0x60, 0x00, 0x00, 0x90, 0x90, 0x90, 0xf0, 0xf0, 0x90, 0x00,
    0x00, 0x90, 0x90, 0x60, 0x60, 0x90, 0x90, 0x00, 0x00, 0x88, 0x88, 0x50,
    0x20, 0x20, 0x20, 0x00, 0x00, 0xf0, 0x10, 0x20, 0x40, 0x80, 0xf0, 0x00,
    0x00, 0x70, 0x40, 0x40, 0x40, 0x40, 0x70, 0x00, 0x00, 0x80, 0x80, 0x40,
    0x20, 0x10, 0x10, 0x00, 0x00, 0x70, 0x10, 0x10, 0x10, 0x10, 0x70, 0x00,
    0x00, 0x20, 0x50, 0x00, 0x00, 0x00, 0x00, 0x00, 0x00, 0x00, 0x00, 0x00,
    0x00, 0x00, 0x00, 0xf0, 0x00, 0x40, 0x20, 0x00, 0x00, 0x00, 0x00, 0x00,
    0x00, 0x00, 0x00, 0x70, 0x90, 0x90, 0x70, 0x00, 0x00, 0x80, 0x80, 0xe0,
    0x90, 0x90, 0xe0, 0x00, 0x00, 0x00, 0x00, 0x30, 0x40, 0x40, 0x30, 0x00,
    0x00, 0x10, 0x10, 0x70, 0x90, 0x90, 0x70, 0x00, 0x00, 0x00, 0x00, 0x60,
    0xb0, 0xc0, 0x60, 0x00, 0x00, 0x20, 0x50, 0x40, 0xe0, 0x40, 0x40, 0x00,
    0x00, 0x00, 0x00, 0x60, 0x90, 0x70, 0x10, 0x60, 0x00, 0x80, 0x80, 0xe0,
    0x90, 0x90, 0x90, 0x00, 0x00, 0x20, 0x00, 0x60, 0x20, 0x20, 0x70, 0x00,
    0x00, 0x10, 0x00, 0x10, 0x10, 0x10, 0x50, 0x20, 0x00, 0x80, 0x80, 0x90,
    0xe0, 0x90, 0x90, 0x00, 0x00, 0x60, 0x20, 0x20, 0x20, 0x20, 0x70, 0x00,
    0x00, 0x00, 0x00, 0xd0, 0xa8, 0xa8, 0xa8, 0x00, 0x00, 0x00, 0x00, 0xe0,
    0x90, 0x90, 0x90, 0x00, 0x00, 0x00, 0x00, 0x60, 0x90, 0x90, 0x60, 0x00,
    0x00, 0x00, 0x00, 0xe0, 0x90, 0xe0, 0x80, 0x80, 0x00, 0x00, 0x00, 0x70,
    0x90, 0x70, 0x10, 0x10, 0x00, 0x00, 0x00, 0xa0, 0xd0, 0x80, 0x80, 0x00,
    0x00, 0x00, 0x00, 0x30, 0x60, 0x10, 0x60, 0x00, 0x00, 0x40, 0x40, 0xe0,
    0x40, 0x50, 0x20, 0x00, 0x00, 0x00, 0x00, 0x90, 0x90, 0x90, 0x70, 0x00,
    0x00, 0x00, 0x00, 0x50, 0x50, 0x50, 0x20, 0x00, 0x00, 0x00, 0x00, 0x88,
    0xa8, 0xa8, 0x50, 0x00, 0x00, 0x00, 0x00, 0x90, 0x60, 0x60, 0x90, 0x00,
    0x00, 0x00, 0x00, 0x90, 0x90, 0x70, 0x90, 0x60, 0x00, 0x00, 0x00, 0xf0,
    0x20, 0x40, 0xf0, 0x00, 0x30, 0x40, 0x20, 0xc0, 0x20, 0x40, 0x30, 0x00,
    0x00, 0x20, 0x20, 0x20, 0x20, 0x20, 0x20, 0x00, 0xc0, 0x20, 0x40, 0x30,
    0x40, 0x20, 0xc0, 0x00, 0x00, 0x50, 0xa0, 0x00, 0x00, 0x00, 0x00, 0x00,
    0x00, 0x00, 0x00, 0x00, 0x00, 0x00, 0x00, 0x00, 0x00, 0x20, 0x00, 0x20,
    0x20, 0x20, 0x20, 0x00, 0x00, 0x00, 0x20, 0x70, 0xa0, 0xa0, 0x70, 0x20,
    0x00, 0x20, 0x50, 0xe0, 0x40, 0x50, 0xa0, 0x00, 0x00, 0x00, 0x88, 0x70,
    0x50, 0x70, 0x88, 0x00, 0x00, 0x88, 0x50, 0xf8, 0x20, 0xf8, 0x20, 0x00,
    0x20, 0x20, 0x20, 0x00, 0x20, 0x20, 0x20, 0x00, 0x70, 0x80, 0xe0, 0x90,
    0x70, 0x10, 0xe0, 0x00, 0x00, 0x50, 0x00, 0x00, 0x00, 0x00, 0x00, 0x00,
    0x00, 0x70, 0xa8, 0xc8, 0xc8, 0xa8, 0x70, 0x00, 0x30, 0x50, 0x30, 0x00,
    0x70, 0x00, 0x00, 0x00, 0x00, 0x00, 0x00, 0x50, 0xa0, 0x50, 0x00, 0x00,
    0x00, 0x00, 0x00, 0x00, 0x70, 0x10, 0x10, 0x00, 0x00, 0x00, 0x00, 0x00,
    0x70, 0x00, 0x00, 0x00, 0x00, 0x70, 0xe8, 0xd8, 0xe8, 0xd8, 0x70, 0x00,
    0x00, 0x70, 0x00, 0x00, 0x00, 0x00, 0x00, 0x00, 0x00, 0x20, 0x50, 0x20,
    0x00, 0x00, 0x00, 0x00, 0x00, 0x00, 0x20, 0x70, 0x20, 0x00, 0x70, 0x00,
    0x20, 0x50, 0x10, 0x20, 0x70, 0x00, 0x00, 0x00, 0x60, 0x10, 0x60, 0x10,
    0x60, 0x00, 0x00, 0x00, 0x00, 0x20, 0x40, 0x00, 0x00, 0x00, 0x00, 0x00,
    0x00, 0x00, 0x00, 0x90, 0x90, 0x90, 0xe0, 0x80, 0x00, 0x78, 0xe8, 0xe8,
    0x68, 0x28, 0x28, 0x00, 0x00, 0x00, 0x00, 0x00, 0x20, 0x00, 0x00, 0x00,
    0x00, 0x00, 0x00, 0x00, 0x00, 0x00, 0x20, 0x40, 0x20, 0x60, 0x20, 0x20,
    0x70, 0x00, 0x00, 0x00, 0x20, 0x50, 0x20, 0x00, 0x70, 0x00, 0x00, 0x00,
    0x00, 0x00, 0x00, 0xa0, 0x50, 0xa0, 0x00, 0x00, 0x80, 0x80, 0x80, 0xa0,
    0x60, 0xf0, 0x20, 0x00, 0x80, 0x80, 0xa0, 0xd0, 0x10, 0x20, 0x70, 0x00,
    0x80, 0x40, 0x80, 0x60, 0xa0, 0xf0, 0x20, 0x00, 0x00, 0x20, 0x00, 0x20,
    0x40, 0x50, 0x20, 0x00, 0x40, 0x20, 0x60, 0x90, 0xf0, 0x90, 0x90, 0x00,
    0x20, 0x40, 0x60, 0x90, 0xf0, 0x90, 0x90, 0x00, 0x60, 0x90, 0x60, 0x90,
    0xf0, 0x90, 0x90, 0x00, 0x50, 0xa0, 0x60, 0x90, 0xf0, 0x90, 0x90, 0x00,
    0x90, 0x00, 0x60, 0x90, 0xf0, 0x90, 0x90, 0x00, 0x60, 0x90, 0x60, 0x90,
    0xf0, 0x90, 0x90, 0x00, 0x00, 0x70, 0xa0, 0xa0, 0xf0, 0xa0, 0xb0, 0x00,
    0x00, 0x60, 0x90, 0x80, 0x80, 0x90, 0x60, 0x40, 0x40, 0x20, 0xf0, 0x80,
    0xe0, 0x80, 0xf0, 0x00, 0x20, 0x40, 0xf0, 0x80, 0xe0, 0x80, 0xf0, 0x00,
    0x60, 0x90, 0xf0, 0x80, 0xe0, 0x80, 0xf0, 0x00, 0x90, 0x00, 0xf0, 0x80,
    0xe0, 0x80, 0xf0, 0x00, 0x40, 0x20, 0x70, 0x20, 0x20, 0x20, 0x70, 0x00,
    0x10, 0x20, 0x70, 0x20, 0x20, 0x20, 0x70, 0x00, 0x20, 0x50, 0x70, 0x20,
    0x20, 0x20, 0x70, 0x00, 0x50, 0x00, 0x70, 0x20, 0x20, 0x20, 0x70, 0x00,
    0x00, 0x70, 0x48, 0xe8, 0x48, 0x48, 0x70, 0x00, 0x50, 0xa0, 0x90, 0xd0,
    0xb0, 0x90, 0x90, 0x00, 0x40, 0x20, 0x60, 0x90, 0x90, 0x90, 0x60, 0x00,
    0x20, 0x40, 0x60, 0x90, 0x90, 0x90, 0x60, 0x00, 0x60, 0x90, 0x60, 0x90,
    0x90, 0x90, 0x60, 0x00, 0x50, 0xa0, 0x60, 0x90, 0x90, 0x90, 0x60, 0x00,
    0x90, 0x00, 0x60, 0x90, 0x90, 0x90, 0x60, 0x00, 0x00, 0x00, 0x00, 0x00,
    0x50, 0x20, 0x50, 0x00, 0x00, 0x70, 0xb0, 0xb0, 0xd0, 0xd0, 0xe0, 0x00,
    0x40, 0x20, 0x90, 0x90, 0x90, 0x90, 0x60, 0x00, 0x20, 0x40, 0x90, 0x90,
    0x90, 0x90, 0x60, 0x00, 0x60, 0x90, 0x90, 0x90, 0x90, 0x90, 0x60, 0x00,
    0x90, 0x00, 0x90, 0x90, 0x90, 0x90, 0x60, 0x00, 0x10, 0x20, 0x88, 0x50,
    0x20, 0x20, 0x20, 0x00, 0x00, 0x80, 0xe0, 0x90, 0x90, 0xe0, 0x80, 0x00,
    0x00, 0x60, 0x90, 0xa0, 0xa0, 0x90, 0xa0, 0x00, 0x40, 0x20, 0x00, 0x70,
    0x90, 0x90, 0x70, 0x00, 0x20, 0x40, 0x00, 0x70, 0x90, 0x90, 0x70, 0x00,
    0x20, 0x50, 0x00, 0x70, 0x90, 0x90, 0x70, 0x00, 0x50, 0xa0, 0x00, 0x70,
    0x90, 0x90, 0x70, 0x00, 0x00, 0x50, 0x00, 0x70, 0x90, 0x90, 0x70, 0x00,
    0x60, 0x90, 0x60, 0x70, 0x90, 0x90, 0x70, 0x00, 0x00, 0x00, 0x00, 0xf0,
    0x68, 0xb0, 0x78, 0x00, 0x00, 0x00, 0x00, 0x30, 0x40, 0x40, 0x30, 0x20,
    0x40, 0x20, 0x00, 0x60, 0xb0, 0xc0, 0x60, 0x00, 0x20, 0x40, 0x00, 0x60,
    0xb0, 0xc0, 0x60, 0x00, 0x60, 0x90, 0x00, 0x60, 0xb0, 0xc0, 0x60, 0x00,
    0x00, 0x50, 0x00, 0x60, 0xb0, 0xc0, 0x60, 0x00, 0x40, 0x20, 0x00, 0x60,
    0x20, 0x20, 0x70, 0x00, 0x10, 0x20, 0x00, 0x60, 0x20, 0x20, 0x70, 0x00,
    0x20, 0x50, 0x00, 0x60, 0x20, 0x20, 0x70, 0x00, 0x00, 0x50, 0x00, 0x60,
    0x20, 0x20, 0x70, 0x00, 0xa0, 0x40, 0xa0, 0x10, 0x70, 0x90, 0x60, 0x00,
    0x50, 0xa0, 0x00, 0xe0, 0x90, 0x90, 0x90, 0x00, 0x40, 0x20, 0x00, 0x60,
    0x90, 0x90, 0x60, 0x00, 0x20, 0x40, 0x00, 0x60, 0x90, 0x90, 0x60, 0x00,
    0x60, 0x90, 0x00, 0x60, 0x90, 0x90, 0x60, 0x00, 0x50, 0xa0, 0x00, 0x60,
    0x90, 0x90, 0x60, 0x00, 0x00, 0x90, 0x00, 0x60, 0x90, 0x90, 0x60, 0x00,
    0x00, 0x00, 0x20, 0x00, 0x70, 0x00, 0x20, 0x00, 0x00, 0x00, 0x00, 0x70,
    0xb0, 0xd0, 0xe0, 0x00, 0x40, 0x20, 0x00, 0x90, 0x90, 0x90, 0x70, 0x00,
    0x20, 0x40, 0x00, 0x90, 0x90, 0x90, 0x70, 0x00, 0x60, 0x90, 0x00, 0x90,
    0x90, 0x90, 0x70, 0x00, 0x00, 0x90, 0x00, 0x90, 0x90, 0x90, 0x70, 0x00,
    0x20, 0x40, 0x00, 0x90, 0x90, 0x70, 0x90, 0x60, 0x00, 0x80, 0x80, 0xe0,
    0x90, 0xe0, 0x80, 0x80, 0x00, 0x90, 0x00, 0x90, 0x90, 0x70, 0x90, 0x60,
    0xf0, 0x00, 0x60, 0x90, 0xf0, 0x90, 0x90, 0x00, 0x00, 0xf0, 0x00, 0x70,
    0x90, 0x90, 0x70, 0x00, 0x90, 0x60, 0x60, 0x90, 0xf0, 0x90, 0x90, 0x00,
    0x90, 0x60, 0x00, 0x70, 0x90, 0x90, 0x70, 0x00, 0x00, 0x60, 0x90, 0x90,
    0xf0, 0x90, 0x90, 0x30, 0x00, 0x00, 0x00, 0x70, 0x90, 0x90, 0x70, 0x20,
    0x20, 0x40, 0x60, 0x90, 0x80, 0x90, 0x60, 0x00, 0x10, 0x20, 0x00, 0x30,
    0x40, 0x40, 0x30, 0x00, 0x60, 0x90, 0x60, 0x90, 0x80, 0x90, 0x60, 0x00,
    0x60, 0x90, 0x00, 0x60, 0x80, 0x80, 0x60, 0x00, 0x40, 0x00, 0x60, 0x90,
    0x80, 0x90, 0x60, 0x00, 0x00, 0x20, 0x00, 0x30, 0x40, 0x40, 0x30, 0x00,
    0x90, 0x60, 0x60, 0x90, 0x80, 0x90, 0x60, 0x00, 0x90, 0x60, 0x00, 0x60,
    0x80, 0x80, 0x60, 0x00, 0x90, 0x60, 0xe0, 0x90, 0x90, 0x90, 0xe0, 0x00,
    0xa0, 0x50, 0x10, 0x70, 0x90, 0x90, 0x70, 0x00, 0x00, 0x70, 0x48, 0xe8,
    0x48, 0x48, 0x70, 0x00, 0x00, 0x20, 0x70, 0x20, 0x60, 0xa0, 0x60, 0x00,
    0xf0, 0x00, 0xf0, 0x80, 0xe0, 0x80, 0xf0, 0x00, 0x00, 0xf0, 0x00, 0x60,
    0xb0, 0xc0, 0x60, 0x00, 0x90, 0x60, 0xf0, 0x80, 0xe0, 0x80, 0xf0, 0x00,
    0x90, 0x60, 0x00, 0x60, 0xb0, 0xc0, 0x60, 0x00, 0x60, 0x00, 0xf0, 0x80,
    0xe0, 0x80, 0xf0, 0x00, 0x00, 0x60, 0x00, 0x60, 0xb0, 0xc0, 0x60, 0x00,
    0x00, 0xf0, 0x80, 0xe0, 0x80, 0x80, 0xf0, 0x20, 0x00, 0x00, 0x00, 0x60,
    0xb0, 0xc0, 0x60, 0x20, 0x90, 0x60, 0xf0, 0x80, 0xe0, 0x80, 0xf0, 0x00,
    0x90, 0x60, 0x00, 0x60, 0xb0, 0xc0, 0x60, 0x00, 0x60, 0x90, 0x70, 0x80,
    0xb0, 0x90, 0x60, 0x00, 0x60, 0x90, 0x00, 0x60, 0x90, 0x70, 0x10, 0x60,
    0x90, 0x60, 0x70, 0x80, 0xb0, 0x90, 0x60, 0x00, 0x90, 0x60, 0x00, 0x60,
    0x90, 0x70, 0x10, 0x60, 0x60, 0x00, 0x70, 0x80, 0xb0, 0x90, 0x60, 0x00,
    0x00, 0x60, 0x00, 0x60, 0x90, 0x70, 0x10, 0x60, 0x00, 0x60, 0x90, 0x80,
    0xb0, 0x90, 0x60, 0x20, 0x60, 0x40, 0x00, 0x60, 0x90, 0x70, 0x10, 0x60,
    0x60, 0x90, 0x00, 0x90, 0xf0, 0x90, 0x90, 0x00, 0x60, 0x90, 0x80, 0xe0,
    0x90, 0x90, 0x90, 0x00, 0x00, 0x50, 0xf8, 0x50, 0x70, 0x50, 0x50, 0x00,
    0x00, 0x40, 0xf0, 0x40, 0x70, 0x48, 0x48, 0x00, 0x50, 0xa0, 0xe0, 0x40,
    0x40, 0x40, 0xe0, 0x00, 0x50, 0xa0, 0x00, 0xc0, 0x40, 0x40, 0xe0, 0x00,
    0x70, 0x00, 0x70, 0x20, 0x20, 0x20, 0x70, 0x00, 0x00, 0x70, 0x00, 0x60,
    0x20, 0x20, 0x70, 0x00, 0x90, 0x60, 0x70, 0x20, 0x20, 0x20, 0x70, 0x00,
    0x90, 0x60, 0x00, 0x60, 0x20, 0x20, 0x70, 0x00, 0x00, 0x70, 0x20, 0x20,
    0x20, 0x20, 0x70, 0x10, 0x00, 0x20, 0x00, 0x60, 0x20, 0x20, 0x70, 0x10,
    0x20, 0x00, 0x70, 0x20, 0x20, 0x20, 0x70, 0x00, 0x00, 0x00, 0x00, 0x60,
    0x20, 0x20, 0x70, 0x00, 0x00, 0xb0, 0x90, 0x90, 0x90, 0xd0, 0xa0, 0x00,
    0x00, 0x50, 0x00, 0x50, 0x50, 0x50, 0x50, 0x20, 0x20, 0x50, 0x70, 0x20,
    0x20, 0xa0, 0x40, 0x00, 0x20, 0x50, 0x00, 0x20, 0x20, 0x20, 0xa0, 0x40,
    0x00, 0x48, 0x50, 0x60, 0x50, 0x50, 0x48, 0x80, 0x00, 0x40, 0x40, 0x48,
    0x70, 0x48, 0x48, 0x80, 0x00, 0x00, 0x00, 0x50, 0x60, 0x50, 0x50, 0x00,
    0x10, 0x20, 0x80, 0x80, 0x80, 0x80, 0xf0, 0x00, 0x10, 0x20, 0x60, 0x20,
    0x20, 0x20, 0x70, 0x00, 0x00, 0x80, 0x80, 0x80, 0x80, 0x80, 0xf0, 0x20,
    0x00, 0x60, 0x20, 0x20, 0x20, 0x20, 0x70, 0x20, 0x50, 0x20, 0x80, 0x80,
    0x80, 0x80, 0xf0, 0x00, 0x50, 0x20, 0x60, 0x20, 0x20, 0x20, 0x70, 0x00,
    0x00, 0x80, 0x80, 0xa0, 0x80, 0x80, 0xf0, 0x00, 0x00, 0xc0, 0x40, 0x50,
    0x40, 0x40, 0xe0, 0x00, 0x00, 0x40, 0x60, 0xc0, 0x40, 0x40, 0x78, 0x00,
    0x00, 0x60, 0x20, 0x30, 0x60, 0x20, 0x70, 0x00, 0x20, 0x40, 0x90, 0xd0,
    0xb0, 0x90, 0x90, 0x00, 0x20, 0x40, 0x00, 0xe0, 0x90, 0x90, 0x90, 0x00,
    0x00, 0x90, 0xd0, 0xf0, 0xb0, 0xb0, 0x90, 0x40, 0x00, 0x00, 0x00, 0xe0,
    0x90, 0x90, 0x90, 0x40, 0x90, 0x60, 0x90, 0xd0, 0xb0, 0x90, 0x90, 0x00,
    0x90, 0x60, 0x00, 0xe0, 0x90, 0x90, 0x90, 0x00, 0xc0, 0x40, 0x80, 0x30,
    0x28, 0x28, 0x28, 0x00, 0x00, 0x90, 0xd0, 0xf0, 0xb0, 0xb0, 0x90, 0x20,
    0x00, 0x00, 0x00, 0xe0, 0x90, 0x90, 0x90, 0x20, 0xf0, 0x00, 0x60, 0x90,
    0x90, 0x90, 0x60, 0x00, 0x00, 0xf0, 0x00, 0x60, 0x90, 0x90, 0x60, 0x00,
    0x90, 0x60, 0x60, 0x90, 0x90, 0x90, 0x60, 0x00, 0x90, 0x60, 0x00, 0x60,
    0x90, 0x90, 0x60, 0x00, 0x48, 0x90, 0x30, 0x48, 0x48, 0x48, 0x30, 0x00,
    0x48, 0x90, 0x00, 0x30, 0x48, 0x48, 0x30, 0x00, 0x00, 0x70, 0xa0, 0xb0,
    0xa0, 0xa0, 0x70, 0x00, 0x00, 0x00, 0x00, 0x70, 0xa8, 0xb0, 0x78, 0x00,
    0x20, 0x40, 0xe0, 0x90, 0xe0, 0x90, 0x90, 0x00, 0x20, 0x40, 0x00, 0xa0,
    0xd0, 0x80, 0x80, 0x00, 0x00, 0xe0, 0x90, 0x90, 0xe0, 0x90, 0x90, 0x20,
    0x00, 0x00, 0x00, 0x50, 0x68, 0x40, 0x40, 0x80, 0x90, 0x60, 0xe0, 0x90,
    0xe0, 0x90, 0x90, 0x00, 0x90, 0x60, 0x00, 0xa0, 0xd0, 0x80, 0x80, 0x00,
    0x20, 0x40, 0x70, 0x80, 0x60, 0x10, 0xe0, 0x00, 0x10, 0x20, 0x00, 0x30,
    0x60, 0x10, 0x60, 0x00, 0x60, 0x90, 0x70, 0x80, 0x60, 0x10, 0xe0, 0x00,
    0x20, 0x50, 0x00, 0x30, 0x60, 0x10, 0x60, 0x00, 0x00, 0x60, 0x90, 0x40,
    0x20, 0x90, 0x60, 0x20, 0x00, 0x00, 0x00, 0x30, 0x60, 0x10, 0x60, 0x20,
    0x90, 0x60, 0x70, 0x80, 0x60, 0x10, 0xe0, 0x00, 0x50, 0x20, 0x00, 0x30,
    0x60, 0x10, 0x60, 0x00, 0x00, 0x70, 0x20, 0x20, 0x20, 0x20, 0x20, 0x40,
    0x00, 0x40, 0x40, 0xe0, 0x40, 0x50, 0x20, 0x40, 0x50, 0x20, 0x70, 0x20,
    0x20, 0x20, 0x20, 0x00, 0xa0, 0x40, 0x40, 0xe0, 0x40, 0x50, 0x20, 0x00,
    0x00, 0x70, 0x20, 0x70, 0x20, 0x20, 0x20, 0x00, 0x40, 0xe0, 0x40, 0xe0,
    0x40, 0x50, 0x20, 0x00, 0x50, 0xa0, 0x00, 0x90, 0x90, 0x90, 0x60, 0x00,
    0x50, 0xa0, 0x00, 0x90, 0x90, 0x90, 0x70, 0x00, 0xf0, 0x00, 0x90, 0x90,
    0x90, 0x90, 0x60, 0x00, 0x00, 0xf0, 0x00, 0x90, 0x90, 0x90, 0x70, 0x00,
    0x90, 0x60, 0x00, 0x90, 0x90, 0x90, 0x60, 0x00, 0x90, 0x60, 0x00, 0x90,
    0x90, 0x90, 0x70, 0x00, 0x20, 0x50, 0x20, 0x90, 0x90, 0x90, 0x60, 0x00,
    0x20, 0x50, 0x20, 0x90, 0x90, 0x90, 0x70, 0x00, 0x48, 0x90, 0x00, 0x48,
    0x48, 0x48, 0x30, 0x00, 0x48, 0x90, 0x00, 0x48, 0x48, 0x48, 0x38, 0x00,
    0x00, 0x90, 0x90, 0x90, 0x90, 0x90, 0x60, 0x20, 0x00, 0x00, 0x00, 0x90,
    0x90, 0x90, 0x70, 0x20, 0x60, 0x00, 0x90, 0x90, 0xf0, 0xf0, 0x90, 0x00,
    0x20, 0x50, 0x00, 0x88, 0xa8, 0xa8, 0x50, 0x00, 0x20, 0x50, 0x00, 0x50,
    0x50, 0x20, 0x20, 0x00, 0x60, 0x90, 0x00, 0x90, 0x90, 0x70, 0x90, 0x60,
    0x50, 0x00, 0x88, 0x50, 0x20, 0x20, 0x20, 0x00, 0x20, 0x40, 0xf0, 0x20,
    0x40, 0x80, 0xf0, 0x00, 0x20, 0x40, 0x00, 0xf0, 0x20, 0x40, 0xf0, 0x00,
    0x60, 0x00, 0xf0, 0x20, 0x40, 0x80, 0xf0, 0x00, 0x00, 0x60, 0x00, 0xf0,
    0x20, 0x40, 0xf0, 0x00, 0x90, 0x60, 0xf0, 0x20, 0x40, 0x80, 0xf0, 0x00,
    0x90, 0x60, 0x00, 0xf0, 0x20, 0x40, 0xf0, 0x00, 0x00, 0x20, 0x50, 0x40,
    0xc0, 0x40, 0x40, 0x00, 0x00, 0x60, 0x90, 0x10, 0xf0, 0x90, 0x60, 0x00,
    0x00, 0x10, 0x28, 0x20, 0x70, 0x20, 0xa0, 0x40, 0x00, 0x68, 0x90, 0x90,
    0x90, 0x90, 0x60, 0x00, 0x00, 0x00, 0x00, 0x68, 0x90, 0x90, 0x60, 0x00,
    0x00, 0xa8, 0xb0, 0xa0, 0xa0, 0xa0, 0x40, 0x00, 0x00, 0x00, 0x00, 0xa8,
    0xb0, 0xa0, 0x60, 0x00, 0x00, 0xf0, 0x10, 0xf0, 0x40, 0x80, 0xf0, 0x00,
    0x00, 0x00, 0x00, 0xf0, 0xf0, 0x40, 0xf0, 0x00, 0x90, 0x60, 0x60, 0x90,
    0x90, 0x90, 0x60, 0x00, 0x90, 0x60, 0x00, 0x60, 0x90, 0x90, 0x60, 0x00,
    0x90, 0x60, 0x70, 0x80, 0xb0, 0x90, 0x70, 0x00, 0x90, 0x60, 0x00, 0x60,
    0x90, 0x70, 0x10, 0x60, 0x10, 0x60, 0x90, 0x60, 0x90, 0xf0, 0x90, 0x00,
    0x10, 0x60, 0x90, 0x60, 0x70, 0x90, 0x70, 0x00, 0x10, 0x20, 0x70, 0xa0,
    0xf0, 0xa0, 0xb0, 0x00, 0x10, 0x20, 0x00, 0xf0, 0x68, 0xb0, 0x78, 0x00,
    0x10, 0x20, 0x70, 0xb0, 0xd0, 0xd0, 0xe0, 0x00, 0x10, 0x20, 0x00, 0x70,
    0xb0, 0xd0, 0xe0, 0x00, 0x00, 0x60, 0x90, 0x40, 0x20, 0x90, 0x60, 0x20,
    0x00, 0x00, 0x00, 0x30, 0x60, 0x10, 0x60, 0x20, 0x00, 0x70, 0x20, 0x20,
    0x20, 0x20, 0x20, 0x40, 0x00, 0x40, 0x40, 0xe0, 0x40, 0x50, 0x20, 0x40,
    0x00, 0x00, 0x00, 0x60, 0x30, 0xd0, 0x60, 0x00, 0x00, 0x20, 0x40, 0x60,
    0x00, 0x00, 0x00, 0x00, 0x00, 0x60, 0x20, 0x40, 0x00, 0x00, 0x00, 0x00,
    0x00, 0x60, 0x40, 0x20, 0x00, 0x00, 0x00, 0x00, 0x00, 0x40, 0x20, 0x40,
    0x00, 0x00, 0x00, 0x00, 0x00, 0x20, 0x40, 0x20, 0x00, 0x00, 0x00, 0x00,
    0x20, 0x50, 0x00, 0x00, 0x00, 0x00, 0x00, 0x00, 0x50, 0x20, 0x00, 0x00,
    0x00, 0x00, 0x00, 0x00, 0x00, 0x70, 0x00, 0x00, 0x00, 0x00, 0x00, 0x00,
    0x88, 0x70, 0x00, 0x00, 0x00, 0x00, 0x00, 0x00, 0x20, 0x00, 0x00, 0x00,
    0x00, 0x00, 0x00, 0x00, 0x20, 0x50, 0x20, 0x00, 0x00, 0x00, 0x00, 0x00,
    0x00, 0x00, 0x00, 0x00, 0x00, 0x00, 0x40, 0x60, 0x00, 0x50, 0xa0, 0x00,
    0x00, 0x00, 0x00, 0x00, 0x48, 0x90, 0x00, 0x00, 0x00, 0x00, 0x00, 0x00,
    0x40, 0x20, 0x00, 0x00, 0x00, 0x00, 0x00, 0x00, 0x20, 0x40, 0x00, 0x00,
    0x00, 0x00, 0x00, 0x00, 0x20, 0x50, 0x00, 0x00, 0x00, 0x00, 0x00, 0x00,
    0x50, 0xa0, 0x00, 0x00, 0x00, 0x00, 0x00, 0x00, 0xf0, 0x00, 0x00, 0x00,
    0x00, 0x00, 0x00, 0x00, 0xf8, 0x00, 0x00, 0x00, 0x00, 0x00, 0x00, 0x00,
    0x90, 0x60, 0x00, 0x00, 0x00, 0x00, 0x00, 0x00, 0x20, 0x00, 0x00, 0x00,
    0x00, 0x00, 0x00, 0x00, 0x50, 0x00, 0x00, 0x00, 0x00, 0x00, 0x00, 0x00,
    0x60, 0x20, 0x00, 0x00, 0x00, 0x00, 0x00, 0x00, 0x60, 0x90, 0x60, 0x00,
    0x00, 0x00, 0x00, 0x00, 0x48, 0x90, 0x00, 0x00, 0x00, 0x00, 0x00, 0x00,
    0x50, 0x20, 0x00, 0x00, 0x00, 0x00, 0x00, 0x00, 0x20, 0x20, 0x00, 0x00,
    0x00, 0x00, 0x00, 0x00, 0x50, 0x50, 0x00, 0x00, 0x00, 0x00, 0x00, 0x00,
    0x90, 0x48, 0x00, 0x00, 0x00, 0x00, 0x00, 0x00, 0xa8, 0x70, 0x00, 0x00,
    0x00, 0x00, 0x00, 0x00, 0x60, 0x90, 0x00, 0x00, 0x00, 0x00, 0x00, 0x00,
    0x20, 0x40, 0x60, 0x00, 0x00, 0x00, 0x00, 0x00, 0x60, 0x20, 0x40, 0x00,
    0x00, 0x00, 0x00, 0x00, 0x60, 0x40, 0x20, 0x00, 0x00, 0x00, 0x00, 0x00,
    0x18, 0x08, 0x10, 0x00, 0x00, 0x00, 0x00, 0x00, 0x00, 0x00, 0x00, 0x00,
    0x00, 0x00, 0x00, 0x20, 0x00, 0x00, 0x00, 0x00, 0x00, 0x00, 0x00, 0x50,
    0x00, 0x00, 0x00, 0x00, 0x00, 0x00, 0x00, 0xf0, 0x00, 0x00, 0x00, 0x00,
    0x00, 0x00, 0x00, 0xf8, 0x00, 0x10, 0x20, 0x20, 0x40, 0x40, 0x80, 0x00,
    0x40, 0x20, 0x00, 0x00, 0x00, 0x00, 0x00, 0x00, 0x20, 0x40, 0x00, 0x00,
    0x00, 0x00, 0x00, 0x00, 0x20, 0x40, 0x00, 0x00, 0x00, 0x00, 0x00, 0x00,
    0x00, 0x00, 0x00, 0x00, 0x00, 0x00, 0x20, 0x40, 0x00, 0x00, 0x00, 0x00,
    0x00, 0x00, 0x40, 0x60, 0x00, 0x00, 0x30, 0x30, 0x00, 0x30, 0x20, 0x40,
    0x20, 0x40, 0x00, 0x00, 0x00, 0x00, 0x00, 0x00, 0x10, 0x20, 0x50, 0x00,
    0x00, 0x00, 0x00, 0x00, 0x20, 0x40, 0x60, 0x90, 0xf0, 0x90, 0x90, 0x00,
    0x00, 0x00, 0x00, 0x20, 0x00, 0x00, 0x00, 0x00, 0x20, 0x40, 0xf0, 0x80,
    0xe0, 0x80, 0xf0, 0x00, 0x20, 0x40, 0x90, 0x90, 0xf0, 0x90, 0x90, 0x00,
    0x10, 0x20, 0x70, 0x20, 0x20, 0x20, 0x70, 0x00, 0x20, 0x40, 0x60, 0x90,
    0x90, 0x90, 0x60, 0x00, 0x10, 0x20, 0x88, 0x50, 0x20, 0x20, 0x20, 0x00,
    0x10, 0x20, 0x70, 0x88, 0x88, 0x50, 0xd8, 0x00, 0x20, 0x40, 0xa0, 0x40,
    0x40, 0x50, 0x20, 0x00, 0x00, 0x60, 0x90, 0x90, 0xf0, 0x90, 0x90, 0x00,
    0x00, 0xe0, 0x90, 0xe0, 0x90, 0x90, 0xe0, 0x00, 0x00, 0xf0, 0x80, 0x80,
    0x80, 0x80, 0x80, 0x00, 0x00, 0x20, 0x20, 0x50, 0x50, 0x88, 0xf8, 0x00,
    0x00, 0xf0, 0x80, 0xe0, 0x80, 0x80, 0xf0, 0x00, 0x00, 0xf0, 0x10, 0x20,
    0x40, 0x80, 0xf0, 0x00, 0x00, 0x90, 0x90, 0xf0, 0x90, 0x90, 0x90, 0x00,
    0x00, 0x60, 0x90, 0xf0, 0x90, 0x90, 0x60, 0x00, 0x00, 0x70, 0x20, 0x20,
    0x20, 0x20, 0x70, 0x00, 0x00, 0x90, 0xa0, 0xc0, 0xa0, 0xa0, 0x90, 0x00,
    0x00, 0x60, 0x60, 0x90, 0x90, 0x90, 0x90, 0x00, 0x00, 0x90, 0xf0, 0xf0,
    0x90, 0x90, 0x90, 0x00, 0x00, 0x90, 0xd0, 0xf0, 0xb0, 0xb0, 0x90, 0x00,
    0x00, 0xf0, 0x00, 0x60, 0x00, 0x00, 0xf0, 0x00, 0x00, 0x60, 0x90, 0x90,
    0x90, 0x90, 0x60, 0x00, 0x00, 0xf0, 0x90, 0x90, 0x90, 0x90, 0x90, 0x00,
    0x00, 0xe0, 0x90, 0x90, 0xe0, 0x80, 0x80, 0x00, 0x00, 0xf0, 0x80, 0x40,
    0x40, 0x80, 0xf0, 0x00, 0x00, 0x70, 0x20, 0x20, 0x20, 0x20, 0x20, 0x00,
    0x00, 0x88, 0x88, 0x50, 0x20, 0x20, 0x20, 0x00, 0x00, 0x20, 0x70, 0xa8,
    0xa8, 0x70, 0x20, 0x00, 0x00, 0x90, 0x90, 0x60, 0x60, 0x90, 0x90, 0x00,
    0x00, 0xa8, 0xa8, 0x70, 0x20, 0x20, 0x20, 0x00, 0x00, 0x70, 0x88, 0x88,
    0x88, 0x50, 0xd8, 0x00, 0x50, 0x00, 0x70, 0x20, 0x20, 0x20, 0x70, 0x00,
    0x50, 0x00, 0x50, 0x50, 0x20, 0x20, 0x20, 0x00, 0x20, 0x40, 0x00, 0x70,
    0x90, 0x90, 0x70, 0x00, 0x20, 0x40, 0x00, 0x70, 0xe0, 0x80, 0x70, 0x00,
    0x20, 0x40, 0x00, 0xa0, 0xd0, 0x90, 0x90, 0x10, 0x20, 0x40, 0x00, 0x40,
    0x40, 0x50, 0x20, 0x00, 0x20, 0xd0, 0x00, 0x90, 0x90, 0x90, 0x60, 0x00,
    0x00, 0x00, 0x00, 0x70, 0x90, 0x90, 0x70, 0x00, 0x00, 0x60, 0x90, 0xe0,
    0x90, 0x90, 0xe0, 0x80, 0x00, 0x00, 0x00, 0x50, 0x50, 0x50, 0x20, 0x20,
    0x00, 0x60, 0x80, 0x60, 0x90, 0x90, 0x60, 0x00, 0x00, 0x00, 0x00, 0x70,
    0xe0, 0x80, 0x70, 0x00, 0x00, 0x00, 0xf0, 0x40, 0x80, 0x60, 0x10, 0x20,
    0x00, 0x00, 0x00, 0xa0, 0xd0, 0x90, 0x90, 0x10, 0x00, 0x60, 0x90, 0xf0,
    0x90, 0x90, 0x60, 0x00, 0x00, 0x00, 0x00, 0x40, 0x40, 0x50, 0x20, 0x00,
    0x00, 0x00, 0x00, 0x90, 0xe0, 0xa0, 0x90, 0x00, 0x00, 0xe0, 0x10, 0x70,
    0x90, 0x90, 0x90, 0x00, 0x00, 0x00, 0x00, 0x90, 0x90, 0x90, 0xe0, 0x80,
    0x00, 0x00, 0x00, 0x50, 0x50, 0x20, 0x20, 0x00, 0x00, 0xf0, 0x40, 0x60,
    0x80, 0x60, 0x10, 0x60, 0x00, 0x00, 0x00, 0x60, 0x90, 0x90, 0x60, 0x00,
    0x00, 0x00, 0x00, 0xf8, 0x50, 0x50, 0x50, 0x00, 0x00, 0x00, 0x00, 0x60,
    0x90, 0x90, 0xe0, 0x80, 0x00, 0x00, 0x00, 0x60, 0x80, 0x60, 0x10, 0x60,
    0x00, 0x00, 0x00, 0x70, 0x90, 0x90, 0x60, 0x00, 0x00, 0x00, 0x00, 0xf0,
    0x40, 0x50, 0x20, 0x00, 0x00, 0x00, 0x00, 0x90, 0x90, 0x90, 0x60, 0x00,
    0x00, 0x00, 0x00, 0xb0, 0xa8, 0xa8, 0x70, 0x20, 0x00, 0x00, 0x00, 0x50,
    0x50, 0x20, 0x50, 0x50, 0x00, 0x00, 0x00, 0xa8, 0xa8, 0x70, 0x20, 0x20,
    0x00, 0x00, 0x00, 0x88, 0xa8, 0xa8, 0x50, 0x00, 0x00, 0xa0, 0x00, 0x40,
    0x40, 0x50, 0x20, 0x00, 0x00, 0x90, 0x00, 0x90, 0x90, 0x90, 0x60, 0x00,
    0x20, 0x40, 0x00, 0x60, 0x90, 0x90, 0x60, 0x00, 0x20, 0x40, 0x00, 0x90,
    0x90, 0x90, 0x60, 0x00, 0x10, 0x20, 0x00, 0x88, 0xa8, 0xa8, 0x50, 0x00,
    0x00, 0x60, 0x90, 0x78, 0x10, 0x90, 0x60, 0x00, 0x00, 0x90, 0x68, 0x20,
    0x20, 0x20, 0x20, 0x00, 0x00, 0xd0, 0x28, 0xa0, 0xa0, 0x20, 0x20, 0x00,
    0x90, 0x00, 0x90, 0x68, 0x20, 0x20, 0x20, 0x00, 0x00, 0x20, 0x70, 0xa8,
    0xa8, 0xa8, 0x70, 0x20, 0x00, 0x00, 0x00, 0xf8, 0x88, 0xa8, 0x50, 0x00,
    0x00, 0x80, 0x90, 0xb0, 0xd0, 0x90, 0x10, 0x00, 0x00, 0x20, 0x40, 0xf0,
    0x10, 0x20, 0x40, 0x00, 0x00, 0x00, 0x00, 0x60, 0x90, 0x60, 0x80, 0x70,
    0x00, 0x00, 0x00, 0x90, 0x50, 0x60, 0x90, 0x00, 0x00, 0x00, 0x00, 0x60,
    0x90, 0xe0, 0x80, 0x70, 0x00, 0x00, 0x00, 0x70, 0x80, 0x80, 0x70, 0x00,
    0x00, 0x10, 0x00, 0x30, 0x10, 0x10, 0x90, 0x60, 0x00, 0x60, 0x90, 0xf0,
    0x90, 0x90, 0x60, 0x00, 0x00, 0x00, 0x00, 0x70, 0xe0, 0x80, 0x70, 0x00,
    0x00, 0xf0, 0x80, 0xe0, 0x80, 0x80, 0xf0, 0x00, 0x00, 0xe0, 0x40, 0x60,
    0x50, 0x50, 0x10, 0x20, 0x00, 0xf0, 0x80, 0x80, 0x80, 0x80, 0x80, 0x00,
    0x00, 0x60, 0x90, 0xc0, 0x80, 0x90, 0x60, 0x00, 0x00, 0x60, 0x90, 0x40,
    0x20, 0x90, 0x60, 0x00, 0x00, 0x70, 0x20, 0x20, 0x20, 0x20, 0x70, 0x00,
    0x00, 0x70, 0x20, 0x20, 0x20, 0x20, 0x70, 0x00, 0x00, 0x10, 0x10, 0x10,
    0x10, 0x90, 0x60, 0x00, 0x00, 0x60, 0xa0, 0xb0, 0xa8, 0xa8, 0xb0, 0x00,
    0x00, 0xa0, 0xa0, 0xf0, 0xa8, 0xa8, 0xb0, 0x00, 0x00, 0xe0, 0x40, 0x60,
    0x50, 0x50, 0x50, 0x00, 0x00, 0x90, 0xa0, 0xc0, 0xc0, 0xa0, 0x90, 0x00,
    0x00, 0x00, 0x00, 0x00, 0x00, 0x00, 0x00, 0x00, 0x00, 0x50, 0x50, 0x50,
    0x20, 0x20, 0x40, 0x00, 0x00, 0x50, 0x50, 0x50, 0x50, 0x50, 0x70, 0x20,
    0x00, 0x60, 0x90, 0x90, 0xf0, 0x90, 0x90, 0x00, 0x00, 0xe0, 0x80, 0xe0,
    0x90, 0x90, 0xe0, 0x00, 0x00, 0xe0, 0x90, 0xe0, 0x90, 0x90, 0xe0, 0x00,
    0x00, 0xf0, 0x90, 0x80, 0x80, 0x80, 0x80, 0x00, 0x00, 0x60, 0xa0, 0xa0,
    0xa0, 0xa0, 0xf0, 0x90, 0x00, 0xf0, 0x80, 0xe0, 0x80, 0x80, 0xf0, 0x00,
    0x00, 0xa8, 0xa8, 0x70, 0xa8, 0xa8, 0xa8, 0x00, 0x00, 0x60, 0x90, 0x20,
    0x10, 0x90, 0x60, 0x00, 0x00, 0x90, 0x90, 0xb0, 0xd0, 0x90, 0x90, 0x00,
    0x90, 0x60, 0x90, 0xb0, 0xd0, 0x90, 0x90, 0x00, 0x00, 0x90, 0xa0, 0xc0,
    0xa0, 0x90, 0x90, 0x00, 0x00, 0x30, 0x50, 0x50, 0x50, 0x50, 0x90, 0x00,
    0x00, 0x90, 0xf0, 0xf0, 0x90, 0x90, 0x90, 0x00, 0x00, 0x90, 0x90, 0xf0,
    0x90, 0x90, 0x90, 0x00, 0x00, 0x60, 0x90, 0x90, 0x90, 0x90, 0x60, 0x00,
    0x00, 0xf0, 0x90, 0x90, 0x90, 0x90, 0x90, 0x00, 0x00, 0xe0, 0x90, 0x90,
    0xe0, 0x80, 0x80, 0x00, 0x00, 0x60, 0x90, 0x80, 0x80, 0x90, 0x60, 0x00,
    0x00, 0x70, 0x20, 0x20, 0x20, 0x20, 0x20, 0x00, 0x00, 0x90, 0x90, 0x90,
    0x70, 0x10, 0xe0, 0x00, 0x00, 0x20, 0x70, 0xa8, 0xa8, 0x70, 0x20, 0x00,
    0x00, 0x50, 0x50, 0x20, 0x20, 0x50, 0x50, 0x00, 0x00, 0xa0, 0xa0, 0xa0,
    0xa0, 0xa0, 0xf0, 0x10, 0x00, 0x50, 0x50, 0x50, 0x30, 0x10, 0x10, 0x00,
    0x00, 0xa8, 0xa8, 0xa8, 0xa8, 0xa8, 0xf8, 0x00, 0x00, 0xa8, 0xa8, 0xa8,
    0xa8, 0xa8, 0xf8, 0x08, 0x00, 0xe0, 0x20, 0x30, 0x28, 0x28, 0x30, 0x00,
    0x00, 0x88, 0x88, 0xc8, 0xa8, 0xa8, 0xc8, 0x00, 0x00, 0x40, 0x40, 0x60,
    0x50, 0x50, 0x60, 0x00, 0x00, 0xe0, 0x10, 0x70, 0x10, 0x10, 0xe0, 0x00,
    0x00, 0x90, 0xa8, 0xe8, 0xa8, 0xa8, 0x90, 0x00, 0x00, 0x70, 0x90, 0x90,
    0x70, 0x90, 0x90, 0x00, 0x00, 0x00, 0x00, 0x70, 0x90, 0x90, 0x70, 0x00,
    0x00, 0x60, 0x80, 0xe0, 0x90, 0x90, 0x60, 0x00, 0x00, 0x00, 0x00, 0xe0,
    0xe0, 0x90, 0xe0, 0x00, 0x00, 0x00, 0x00, 0x70, 0x40, 0x40, 0x40, 0x00,
    0x00, 0x00, 0x00, 0x70, 0x50, 0x90, 0xf0, 0x90, 0x00, 0x00, 0x00, 0x60,
    0xb0, 0xc0, 0x60, 0x00, 0x00, 0x00, 0x00, 0xa8, 0x70, 0xa8, 0xa8, 0x00,
    0x00, 0x00, 0x00, 0x70, 0x30, 0x10, 0x60, 0x00, 0x00, 0x00, 0x00, 0x90,
    0xb0, 0xd0, 0x90, 0x00, 0x00, 0x90, 0x60, 0x90, 0xb0, 0xd0, 0x90, 0x00,
    0x00, 0x00, 0x00, 0x90, 0xe0, 0xa0, 0x90, 0x00, 0x00, 0x00, 0x00, 0x30,
    0x50, 0x50, 0x90, 0x00, 0x00, 0x00, 0x00, 0x88, 0xd8, 0xa8, 0xa8, 0x00,
    0x00, 0x00, 0x00, 0x90, 0xf0, 0x90, 0x90, 0x00, 0x00, 0x00, 0x00, 0x60,
    0x90, 0x90, 0x60, 0x00, 0x00, 0x00, 0x00, 0xf0, 0x90, 0x90, 0x90, 0x00,
    0x00, 0x00, 0x00, 0xe0, 0x90, 0x90, 0xe0, 0x80, 0x00, 0x00, 0x00, 0x30,
    0x40, 0x40, 0x30, 0x00, 0x00, 0x00, 0x00, 0x70, 0x20, 0x20, 0x20, 0x00,
    0x00, 0x00, 0x00, 0x90, 0x90, 0x50, 0x20, 0x40, 0x00, 0x60, 0x20, 0x20,
    0x70, 0x50, 0x70, 0x20, 0x00, 0x00, 0x00, 0x90, 0x60, 0x60, 0x90, 0x00,
    0x00, 0x00, 0x00, 0x90, 0x90, 0x90, 0xf0, 0x10, 0x00, 0x00, 0x00, 0x90,
    0x90, 0x70, 0x10, 0x00, 0x00, 0x00, 0x00, 0xa8, 0xa8, 0xa8, 0xf8, 0x00,
    0x00, 0x00, 0x00, 0xa8, 0xa8, 0xa8, 0xf8, 0x08, 0x00, 0x00, 0x00, 0xc0,
    0x60, 0x50, 0x60, 0x00, 0x00, 0x00, 0x00, 0x90, 0xd0, 0xb0, 0xd0, 0x00,
    0x00, 0x00, 0x00, 0x80, 0xe0, 0x90, 0xe0, 0x00, 0x00, 0x00, 0x00, 0x60,
    0x30, 0x10, 0x60, 0x00, 0x00, 0x00, 0x00, 0xa0, 0xd0, 0xd0, 0xa0, 0x00,
    0x00, 0x00, 0x00, 0x30, 0x50, 0x30, 0x50, 0x00, 0x00, 0xa0, 0x00, 0x60,
    0xb0, 0xc0, 0x60, 0x00, 0x00, 0x40, 0xe0, 0x40, 0x60, 0x50, 0x10, 0x20,
    0x00, 0x20, 0x40, 0xf0, 0x80, 0x80, 0x80, 0x00, 0x00, 0x00, 0x00, 0x30,
    0x60, 0x40, 0x30, 0x00, 0x00, 0x00, 0x00, 0x70, 0xc0, 0x30, 0xe0, 0x00,
    0x00, 0x20, 0x00, 0x60, 0x20, 0x20, 0x70, 0x00, 0x00, 0x50, 0x00, 0x60,
    0x20, 0x20, 0x70, 0x00, 0x00, 0x10, 0x00, 0x10, 0x10, 0x10, 0x50, 0x20,
    0x00, 0x00, 0x00, 0x60, 0xb8, 0xa8, 0xb0, 0x00, 0x00, 0x00, 0x00, 0xa0,
    0xf0, 0xa8, 0xb0, 0x00, 0x00, 0x40, 0xe0, 0x40, 0x60, 0x50, 0x50, 0x00,
    0x00, 0x20, 0x40, 0x90, 0xe0, 0xa0, 0x90, 0x00, 0x00, 0x00, 0x00, 0x00,
    0x00, 0x00, 0x00, 0x00, 0x00, 0x90, 0x60, 0x00, 0x90, 0x50, 0x20, 0x40,
    0x00, 0x00, 0x00, 0x50, 0x50, 0x50, 0x70, 0x20, 0x00, 0x10, 0xf0, 0x80,
    0x80, 0x80, 0x80, 0x00, 0x00, 0x00, 0x10, 0xf0, 0x80, 0x80, 0x80, 0x00,
    0x00, 0x70, 0x40, 0xe0, 0x40, 0x40, 0x40, 0x00, 0x00, 0x00, 0x00, 0x70,
    0x40, 0xe0, 0x40, 0x00, 0x00, 0xa8, 0xa8, 0x70, 0xa8, 0xa8, 0xa8, 0x08,
    0x00, 0x00, 0x00, 0xa8, 0x70, 0xa8, 0xa8, 0x08, 0x00, 0x90, 0xa0, 0xc0,
    0xa0, 0x90, 0x88, 0x08, 0x00, 0x00, 0x00, 0x90, 0xe0, 0xa0, 0x90, 0x08,
    0x00, 0x88, 0x88, 0x50, 0x20, 0x20, 0x20, 0x00, 0x00, 0x00, 0x00, 0x88,
    0x50, 0x20, 0x20, 0x20, 0x00, 0x88, 0x88, 0x50, 0xf8, 0x20, 0x20, 0x00,
    0x00, 0x00, 0x00, 0x88, 0x50, 0xf8, 0x20, 0x20, 0x00, 0x50, 0x50, 0x20,
    0x20, 0x50, 0x50, 0x08, 0x00, 0x00, 0x00, 0x90, 0x60, 0x60, 0x90, 0x08,
    0x00, 0x80, 0x80, 0xe0, 0x90, 0x90, 0x90, 0x00, 0x00, 0x40, 0x40, 0x60,
    0x50, 0x50, 0x50, 0x00, 0x00, 0x60, 0x90, 0x10, 0xf0, 0x90, 0x60, 0x00,
    0x00, 0x00, 0x00, 0x60, 0x30, 0xd0, 0x60, 0x00, 0x70, 0x00, 0x70, 0x20,
    0x20, 0x20, 0x70, 0x00, 0x00, 0x70, 0x00, 0x60, 0x20, 0x20, 0x70, 0x00,
    0x00, 0x60, 0x90, 0xf0, 0x90, 0x90, 0x60, 0x00, 0x00, 0x00, 0x00, 0x60,
    0xf0, 0x90, 0x60, 0x00, 0xf0, 0x00, 0x90, 0x90, 0x90, 0x90, 0x60, 0x00,
    0x00, 0xf0, 0x00, 0x90, 0x90, 0x90, 0x70, 0x00, 0x00, 0x00, 0x00, 0x90,
    0x50, 0xa0, 0x90, 0x00, 0x00, 0x00, 0x00, 0xe0, 0x20, 0x20, 0xf0, 0x00,
    0x00, 0x00, 0x40, 0x20, 0x20, 0x20, 0xd0, 0x00, 0x00, 0x00, 0x00, 0xf0,
    0x20, 0x20, 0x20, 0x00, 0x00, 0x00, 0x00, 0xf0, 0x10, 0x90, 0x90, 0x00,
    0x00, 0x00, 0x40, 0x20, 0x20, 0x20, 0x20, 0x00, 0x00, 0x00, 0x00, 0x70,
    0x20, 0x20, 0x20, 0x00, 0x00, 0x00, 0x00, 0xf0, 0x50, 0x50, 0x50, 0x00,
    0x00, 0x00, 0x00, 0x90, 0x90, 0x90, 0xf0, 0x00, 0x00, 0x00, 0x40, 0x20,
    0x00, 0x00, 0x00, 0x00, 0x00, 0x00, 0x00, 0xf0, 0x10, 0x20, 0x20, 0x00,
    0x00, 0x00, 0x80, 0x70, 0x10, 0x10, 0xe0, 0x00, 0x00, 0x00, 0x80, 0x70,
    0x10, 0x20, 0x40, 0x00, 0x00, 0x00, 0x80, 0x70, 0x90, 0x90, 0xf0, 0x00,
    0x00, 0x00, 0x80, 0x70, 0x90, 0x90, 0xb0, 0x00, 0x00, 0x00, 0x40, 0x20,
    0x40, 0x40, 0x40, 0x00, 0x00, 0x00, 0x40, 0x20, 0x20, 0x20, 0x60, 0x00,
    0x00, 0x00, 0x80, 0x78, 0x48, 0x48, 0x30, 0x00, 0x00, 0x00, 0x00, 0x90,
    0x50, 0x50, 0xf0, 0x00, 0x00, 0x00, 0x00, 0x70, 0x90, 0x10, 0x10, 0x00,
    0x00, 0x00, 0x00, 0xf0, 0x90, 0x10, 0xf0, 0x00, 0x00, 0x00, 0x00, 0x50,
    0x60, 0x40, 0x40, 0x00, 0x00, 0x00, 0x00, 0x90, 0x60, 0x20, 0xf0, 0x00,
    0x00, 0x00, 0x00, 0xe0, 0x10, 0xa0, 0x80, 0x00, 0x00, 0x00, 0x00, 0xf0,
    0x10, 0x10, 0x10, 0x00, 0x00, 0x00, 0x00, 0xa8, 0xc8, 0x88, 0xf0, 0x00,
    0x00, 0x00, 0x00, 0xf0, 0x50, 0x50, 0xd0, 0x00, 0x20, 0x00, 0xe0, 0x90,
    0xe0, 0x90, 0xe0, 0x00, 0x20, 0x80, 0x80, 0xe0, 0x90, 0x90, 0xe0, 0x00,
    0x20, 0x00, 0xe0, 0x90, 0x90, 0x90, 0xe0, 0x00, 0x40, 0x10, 0x10, 0x70,
    0x90, 0x90, 0x70, 0x00, 0x20, 0x00, 0xf0, 0x80, 0xe0, 0x80, 0x80, 0x00,
    0x80, 0x20, 0x50, 0x40, 0xe0, 0x40, 0x40, 0x00, 0x20, 0x00, 0x90, 0xf0,
    0xf0, 0x90, 0x90, 0x00, 0x00, 0x20, 0x00, 0xd0, 0xa8, 0xa8, 0xa8, 0x00,
    0x40, 0x00, 0xe0, 0x90, 0xe0, 0x80, 0x80, 0x00, 0x00, 0x40, 0x00, 0xe0,
    0x90, 0xe0, 0x80, 0x80, 0x20, 0x00, 0x70, 0x80, 0x60, 0x10, 0xe0, 0x00,
    0x00, 0x20, 0x00, 0x30, 0x60, 0x10, 0x60, 0x00, 0x20, 0x00, 0x70, 0x20,
    0x20, 0x20, 0x20, 0x00, 0x40, 0x00, 0x40, 0xe0, 0x40, 0x50, 0x20, 0x00,
    0x40, 0x20, 0x90, 0x90, 0xf0, 0xf0, 0x90, 0x00, 0x40, 0x20, 0x00, 0x88,
    0xa8, 0xa8, 0x50, 0x00, 0x20, 0x40, 0x90, 0x90, 0xf0, 0xf0, 0x90, 0x00,
    0x10, 0x20, 0x00, 0x88, 0xa8, 0xa8, 0x50, 0x00, 0x90, 0x00, 0x90, 0x90,
    0xf0, 0xf0, 0x90, 0x00, 0x00, 0x50, 0x00, 0x88, 0xa8, 0xa8, 0x50, 0x00,
    0x40, 0x20, 0x88, 0x50, 0x20, 0x20, 0x20, 0x00, 0x40, 0x20, 0x00, 0x90,
    0x90, 0x70, 0x90, 0x60, 0x00, 0x00, 0x00, 0x00, 0x70, 0x00, 0x00, 0x00,
    0x00, 0x00, 0x00, 0x00, 0x70, 0x00, 0x00, 0x00, 0x00, 0x00, 0x00, 0x00,
    0xf0, 0x00, 0x00, 0x00, 0x00, 0x00, 0x00, 0x00, 0xf0, 0x00, 0x00, 0x00,
    0x00, 0x00, 0x00, 0x00, 0xf8, 0x00, 0x00, 0x00, 0x00, 0x00, 0x00, 0x00,
    0xf8, 0x00, 0x00, 0x00, 0x00, 0x50, 0x50, 0x50, 0x50, 0x50, 0x50, 0x00,
    0x00, 0x00, 0x00, 0x00, 0x00, 0xf8, 0x00, 0xf8, 0x20, 0x40, 0x60, 0x00,
    0x00, 0x00, 0x00, 0x00, 0x60, 0x20, 0x40, 0x00, 0x00, 0x00, 0x00, 0x00,
    0x00, 0x00, 0x00, 0x00, 0x00, 0x60, 0x20, 0x40, 0x60, 0x40, 0x20, 0x00,
    0x00, 0x00, 0x00, 0x00, 0x48, 0x90, 0xd8, 0x00, 0x00, 0x00, 0x00, 0x00,
    0xd8, 0x48, 0x90, 0x00, 0x00, 0x00, 0x00, 0x00, 0x00, 0x00, 0x00, 0x00,
    0x00, 0xd8, 0x48, 0x90, 0xd8, 0x90, 0x48, 0x00, 0x00, 0x00, 0x00, 0x00,
    0x00, 0x20, 0x70, 0x20, 0x20, 0x20, 0x20, 0x00, 0x00, 0x20, 0x70, 0x20,
    0x70, 0x20, 0x20, 0x00, 0x00, 0x00, 0x00, 0x60, 0xf0, 0xf0, 0x60, 0x00,
    0x00, 0x00, 0x00, 0x00, 0x00, 0x00, 0xa8, 0x00, 0x00, 0x80, 0xa0, 0x40,
    0xa8, 0x28, 0x00, 0x00, 0x00, 0x20, 0x20, 0x40, 0x00, 0x00, 0x00, 0x00,
    0x00, 0x50, 0x50, 0xa0, 0x00, 0x00, 0x00, 0x00, 0x00, 0xa8, 0xa8, 0xd0,
    0x00, 0x00, 0x00, 0x00, 0x00, 0x40, 0x40, 0x20, 0x00, 0x00, 0x00, 0x00,
    0x00, 0xa0, 0xa0, 0x50, 0x00, 0x00, 0x00, 0x00, 0x00, 0x00, 0x00, 0x20,
    0x40, 0x20, 0x00, 0x00, 0x00, 0x00, 0x00, 0x40, 0x20, 0x40, 0x00, 0x00,
    0x00, 0x50, 0x50, 0x50, 0x50, 0x00, 0x50, 0x00, 0x00, 0x20, 0x70, 0x30,
    0x20, 0x00, 0x20, 0x00, 0xf8, 0x00, 0x00, 0x00, 0x00, 0x00, 0x00, 0x00,
    0x00, 0x10, 0x20, 0x20, 0x40, 0x40, 0x80, 0x00, 0x20, 0x50, 0x50, 0x50,
    0x20, 0x00, 0x00, 0x00, 0x20, 0x00, 0x60, 0x20, 0x70, 0x00, 0x00, 0x00,
    0x40, 0x40, 0x60, 0x70, 0x20, 0x00, 0x00, 0x00, 0x70, 0x40, 0x60, 0x10,
    0x60, 0x00, 0x00, 0x00, 0x30, 0x40, 0x60, 0x50, 0x20, 0x00, 0x00, 0x00,
    0x70, 0x10, 0x20, 0x20, 0x20, 0x00, 0x00, 0x00, 0x20, 0x50, 0x20, 0x50,
    0x20, 0x00, 0x00, 0x00, 0x20, 0x50, 0x30, 0x10, 0x60, 0x00, 0x00, 0x00,
    0x00, 0x20, 0x70, 0x20, 0x00, 0x00, 0x00, 0x00, 0x00, 0x00, 0x70, 0x00,
    0x00, 0x00, 0x00, 0x00, 0x00, 0x70, 0x00, 0x70, 0x00, 0x00, 0x00, 0x00,
    0x20, 0x40, 0x40, 0x40, 0x20, 0x00, 0x00, 0x00, 0x40, 0x20, 0x20, 0x20,
    0x40, 0x00, 0x00, 0x00, 0x00, 0x00, 0x60, 0x50, 0x50, 0x00, 0x00, 0x00,
    0x00, 0x00, 0x00, 0x20, 0x50, 0x50, 0x50, 0x20, 0x00, 0x00, 0x00, 0x20,
    0x60, 0x20, 0x20, 0x70, 0x00, 0x00, 0x00, 0x20, 0x50, 0x10, 0x20, 0x70,
    0x00, 0x00, 0x00, 0x60, 0x10, 0x60, 0x10, 0x60, 0x00, 0x00, 0x00, 0x40,
    0x40, 0x60, 0x70, 0x20, 0x00, 0x00, 0x00, 0x70, 0x40, 0x60, 0x10, 0x60,
    0x00, 0x00, 0x00, 0x30, 0x40, 0x60, 0x50, 0x20, 0x00, 0x00, 0x00, 0x70,
    0x10, 0x20, 0x20, 0x20, 0x00, 0x00, 0x00, 0x20, 0x50, 0x20, 0x50, 0x20,
    0x00, 0x00, 0x00, 0x20, 0x50, 0x30, 0x10, 0x60, 0x00, 0x00, 0x00, 0x00,
    0x20, 0x70, 0x20, 0x00, 0x00, 0x00, 0x00, 0x00, 0x00, 0x70, 0x00, 0x00,
    0x00, 0x00, 0x00, 0x00, 0x70, 0x00, 0x70, 0x00, 0x00, 0x00, 0x00, 0x20,
    0x40, 0x40, 0x40, 0x20, 0x00, 0x00, 0x00, 0x40, 0x20, 0x20, 0x20, 0x40,
    0x00, 0xf0, 0x80, 0xf0, 0xa0, 0xa0, 0xa0, 0x00, 0x00, 0x20, 0x50, 0xe0,
    0xe0, 0x50, 0xa0, 0x00, 0x00, 0x70, 0x48, 0xf8, 0x70, 0x40, 0x40, 0x00,
    0x00, 0x10, 0x38, 0x70, 0x90, 0x90, 0x70, 0xf0, 0x30, 0x40, 0xe0, 0x40,
    0xe0, 0x40, 0x30, 0x00, 0x40, 0xe0, 0x50, 0x50, 0x50, 0xd0, 0xe0, 0x00,
    0x40, 0xf0, 0x00, 0x00, 0x00, 0x00, 0x00, 0x00, 0x20, 0xf0, 0x00, 0x00,
    0x00, 0x00, 0x00, 0x00, 0x20, 0x20, 0x20, 0x20, 0x20, 0x20, 0x20, 0x20,
    0x00, 0x00, 0x20, 0x20, 0x20, 0x20, 0x20, 0x20, 0xe0, 0xd0, 0x00, 0x00,
    0x00, 0x00, 0x00, 0x00, 0x70, 0xb0, 0x00, 0x00, 0x00, 0x00, 0x00, 0x00,
    0x40, 0xf0, 0x40, 0x00, 0x00, 0x00, 0x00, 0x00, 0x20, 0xf0, 0x20, 0x00,
    0x00, 0x00, 0x00, 0x00, 0x00, 0x60, 0xb0, 0xa0, 0xa0, 0xb0, 0x60, 0x00,
    0x40, 0x90, 0xa0, 0x70, 0x28, 0x68, 0x90, 0x00, 0x00, 0x20, 0x50, 0x50,
    0x60, 0x40, 0xb0, 0x00, 0x00, 0xd0, 0xd0, 0xf0, 0xf0, 0xd0, 0xd0, 0x00,
    0x00, 0xc0, 0xb0, 0xa8, 0xb0, 0xa0, 0xb8, 0x00, 0x00, 0x60, 0xd0, 0xd0,
    0xd0, 0xf0, 0x60, 0x10, 0x00, 0xe0, 0xd0, 0xd0, 0xe0, 0xd0, 0xd0, 0x00,
    0x70, 0x20, 0x20, 0x00, 0x70, 0x70, 0x50, 0x00, 0x00, 0xf0, 0x50, 0x50,
    0xa0, 0xa0, 0xf0, 0x00, 0x00, 0x70, 0x88, 0x88, 0x88, 0x50, 0xd8, 0x00,
    0x00, 0x60, 0xd0, 0xf0, 0xc0, 0xd0, 0x60, 0x00, 0x80, 0x80, 0xa0, 0xd0,
    0xa0, 0x50, 0x20, 0x00, 0x80, 0x40, 0x90, 0x68, 0x90, 0x28, 0x10, 0x00,
    0xc0, 0x80, 0xd0, 0x68, 0x90, 0x28, 0x10, 0x00, 0xc0, 0x40, 0x50, 0xa8,
    0x90, 0x28, 0x10, 0x00, 0x00, 0x00, 0x20, 0x40, 0xf8, 0x40, 0x20, 0x00,
    0x00, 0x20, 0x70, 0xa8, 0x20, 0x20, 0x20, 0x00, 0x00, 0x00, 0x20, 0x10,
    0xf8, 0x10, 0x20, 0x00, 0x00, 0x20, 0x20, 0x20, 0xa8, 0x70, 0x20, 0x00,
    0x00, 0x00, 0x00, 0x50, 0xf8, 0x50, 0x00, 0x00, 0x00, 0x20, 0x70, 0x20,
    0x20, 0x70, 0x20, 0x00, 0x00, 0xe0, 0xc0, 0xa0, 0x20, 0x10, 0x10, 0x00,
    0x00, 0x70, 0x30, 0x50, 0x40, 0x80, 0x80, 0x00, 0x00, 0x80, 0x80, 0x40,
    0x50, 0x30, 0x70, 0x00, 0x00, 0x10, 0x10, 0x20, 0xa0, 0xc0, 0xe0, 0x00,
    0x00, 0x00, 0x20, 0x48, 0xf8, 0x48, 0x20, 0x00, 0x00, 0x20, 0x70, 0xa8,
    0x20, 0x20, 0x70, 0x00, 0x00, 0x00, 0x20, 0x90, 0xf8, 0x90, 0x20, 0x00,
    0x00, 0x70, 0x20, 0x20, 0xa8, 0x70, 0x20, 0x00, 0x00, 0x20, 0x70, 0x20,
    0x20, 0x70, 0x20, 0x70, 0x00, 0x40, 0xf0, 0x50, 0x10, 0x10, 0x10, 0x00,
    0x00, 0x20, 0xf0, 0xa0, 0x80, 0x80, 0x80, 0x00, 0x00, 0x10, 0x10, 0x10,
    0x50, 0xf0, 0x40, 0x00, 0x00, 0x80, 0x80, 0x80, 0xa0, 0xf0, 0x20, 0x00,
    0x00, 0x00, 0xe0, 0x20, 0x20, 0x70, 0x20, 0x00, 0x00, 0x00, 0x10, 0x10,
    0x50, 0xf0, 0x40, 0x00, 0x00, 0x00, 0x20, 0x40, 0xf8, 0x00, 0x00, 0x00,
    0x00, 0x00, 0x00, 0x00, 0xf8, 0x40, 0x20, 0x00, 0x00, 0x20, 0x30, 0x28,
    0x20, 0x20, 0x20, 0x00, 0x00, 0x20, 0x60, 0xa0, 0x20, 0x20, 0x20, 0x00,
    0x00, 0x00, 0x20, 0x10, 0xf8, 0x00, 0x00, 0x00, 0x00, 0x00, 0x00, 0x00,
    0xf8, 0x10, 0x20, 0x00, 0x00, 0x20, 0x20, 0x20, 0x28, 0x30, 0x20, 0x00,
    0x00, 0x20, 0x20, 0x20, 0xa0, 0x60, 0x20, 0x00, 0x00, 0x00, 0x40, 0xf0,
    0x00, 0xf0, 0x20, 0x00, 0x00, 0x00, 0x20, 0xf0, 0x00, 0xf0, 0x40, 0x00,
    0x00, 0x20, 0x78, 0x80, 0x78, 0x20, 0x00, 0x00, 0x00, 0x20, 0x50, 0xd8,
    0x50, 0x50, 0x50, 0x00, 0x00, 0x20, 0xf0, 0x08, 0xf0, 0x20, 0x00, 0x00,
    0x00, 0x50, 0x50, 0x50, 0xd8, 0x50, 0x20, 0x00, 0x00, 0x20, 0x70, 0x88,
    0x70, 0x20, 0x00, 0x00, 0x00, 0x20, 0x50, 0xd8, 0x50, 0xd8, 0x50, 0x20,
    0x00, 0x00, 0xf0, 0xa0, 0xd0, 0xa8, 0x10, 0x00, 0x00, 0x00, 0x78, 0x28,
    0x58, 0xa8, 0x40, 0x00, 0x00, 0x00, 0x40, 0xa8, 0x58, 0x28, 0x78, 0x00,
    0x00, 0x00, 0x10, 0xa8, 0xd0, 0xa0, 0xf0, 0x00, 0x00, 0x00, 0x20, 0x40,
    0xa8, 0x40, 0x20, 0x00, 0x00, 0x20, 0x70, 0x88, 0x20, 0x00, 0x20, 0x00,
    0x00, 0x00, 0x20, 0x10, 0xa8, 0x10, 0x20, 0x00, 0x00, 0x20, 0x00, 0x20,
    0x88, 0x70, 0x20, 0x00, 0x00, 0x00, 0xa0, 0xc0, 0xf8, 0xc0, 0xa0, 0x00,
    0x00, 0x00, 0x28, 0x18, 0xf8, 0x18, 0x28, 0x00, 0x00, 0x20, 0x78, 0x88,
    0x78, 0x20, 0x00, 0x00, 0x00, 0x20, 0x50, 0xd8, 0x50, 0x50, 0x70, 0x00,
    0x00, 0x20, 0xf0, 0x88, 0xf0, 0x20, 0x00, 0x00, 0x00, 0x70, 0x50, 0x50,
    0xd8, 0x50, 0x20, 0x00, 0x00, 0x90, 0x90, 0xf0, 0x90, 0x90, 0x60, 0x00,
    0x00, 0x20, 0x50, 0x40, 0x40, 0x50, 0x20, 0x00, 0x00, 0x60, 0x10, 0x50,
    0xb0, 0x90, 0x60, 0x00, 0x00, 0xf0, 0x10, 0x70, 0x10, 0x10, 0xf0, 0x00,
    0x20, 0xf0, 0x30, 0x70, 0x50, 0x50, 0xf0, 0x40, 0x00, 0x70, 0xb0, 0xb0,
    0xd0, 0xd0, 0xe0, 0x00, 0x00, 0x20, 0x20, 0x50, 0x50, 0x88, 0xf8, 0x00,
    0x00, 0xf8, 0x88, 0x50, 0x50, 0x20, 0x20, 0x00, 0x00, 0x00, 0x70, 0x80,
    0xe0, 0x80, 0x70, 0x00, 0x00, 0x20, 0x70, 0xa0, 0xe0, 0xc0, 0x70, 0x40,
    0x00, 0x00, 0xe0, 0x10, 0x70, 0x10, 0xe0, 0x00, 0x00, 0x20, 0xe0, 0x30,
    0x70, 0x50, 0xe0, 0x40, 0x00, 0x00, 0x70, 0x70, 0x70, 0x70, 0x00, 0x00,
    0xf8, 0x50, 0x50, 0x50, 0x50, 0x50, 0x50, 0xd8, 0xd8, 0x50, 0x50, 0x50,
    0x50, 0x50, 0x50, 0xf8, 0xf8, 0x80, 0x40, 0x20, 0x20, 0x40, 0x80, 0xf8,
    0x00, 0x00, 0x00, 0x00, 0xf0, 0x00, 0x00, 0x00, 0x00, 0x00, 0x70, 0x00,
    0x20, 0x70, 0x20, 0x00, 0x00, 0x00, 0x20, 0x00, 0x20, 0x70, 0x20, 0x00,
    0x00, 0x10, 0x20, 0x20, 0x40, 0x40, 0x80, 0x00, 0x00, 0x80, 0x40, 0x40,
    0x20, 0x20, 0x10, 0x00, 0x00, 0x00, 0x90, 0x60, 0xf0, 0x60, 0x90, 0x00,
    0x00, 0x00, 0x00, 0x20, 0x50, 0x20, 0x00, 0x00, 0x00, 0x00, 0x00, 0x20,
    0x70, 0x20, 0x00, 0x00, 0x18, 0x10, 0x10, 0x10, 0xd0, 0x50, 0x20, 0x20,
    0x00, 0x00, 0x50, 0xa0, 0xa0, 0x50, 0x00, 0x00, 0x00, 0x00, 0x50, 0xa8,
    0xa8, 0x50, 0x00, 0x00, 0x00, 0x00, 0x00, 0x80, 0x80, 0x80, 0xf0, 0x00,
    0x00, 0x00, 0x10, 0x20, 0x40, 0x80, 0xf0, 0x00, 0x00, 0x00, 0x10, 0xa0,
    0x40, 0xa0, 0xf0, 0x20, 0x00, 0x90, 0x60, 0xa0, 0xa0, 0x60, 0x90, 0x00,
    0x00, 0x20, 0x20, 0x20, 0x20, 0x20, 0x20, 0x00, 0x00, 0x20, 0x20, 0x30,
    0x60, 0x20, 0x20, 0x00, 0x00, 0x50, 0x50, 0x50, 0x50, 0x50, 0x50, 0x00,
    0x00, 0x50, 0x58, 0x70, 0xd0, 0x50, 0x50, 0x00, 0x00, 0x00, 0x00, 0x60,
    0x60, 0x90, 0x90, 0x00, 0x00, 0x00, 0x00, 0x90, 0x90, 0x60, 0x60, 0x00,
    0x00, 0x00, 0x00, 0x60, 0x90, 0x90, 0x90, 0x00, 0x00, 0x00, 0x00, 0x90,
    0x90, 0x90, 0x60, 0x00, 0x10, 0x28, 0x20, 0x20, 0x20, 0x20, 0xa0, 0x40,
    0x10, 0x28, 0x20, 0x70, 0x70, 0x20, 0xa0, 0x40, 0x00, 0x00, 0x00, 0x20,
    0x00, 0x50, 0x00, 0x00, 0x00, 0x00, 0x00, 0x50, 0x00, 0x20, 0x00, 0x00,
    0x00, 0x00, 0x00, 0x20, 0x00, 0x20, 0x00, 0x00, 0x00, 0x00, 0x00, 0x50,
    0x00, 0x50, 0x00, 0x00, 0x00, 0x00, 0x60, 0x00, 0xf0, 0x00, 0x00, 0x00,
    0x00, 0x00, 0x00, 0x10, 0xc0, 0x10, 0x00, 0x00, 0x00, 0x00, 0x90, 0x00,
    0xf0, 0x00, 0x90, 0x00, 0x00, 0x20, 0x00, 0x50, 0xa0, 0x00, 0x40, 0x00,
    0x00, 0x00, 0x00, 0x50, 0xa0, 0x00, 0x00, 0x00, 0x00, 0x00, 0x00, 0xa0,
    0x50, 0x00, 0x00, 0x00, 0x00, 0x40, 0x20, 0x20, 0x40, 0x40, 0x20, 0x00,
    0x00, 0x00, 0x00, 0xf0, 0x00, 0x50, 0xa0, 0x00, 0x00, 0x00, 0x00, 0x50,
    0xa0, 0x00, 0xf0, 0x00, 0x00, 0x50, 0xa0, 0x00, 0xf0, 0x00, 0xf0, 0x00,
    0x00, 0x00, 0x00, 0x50, 0xa0, 0x50, 0xa0, 0x00, 0x00, 0x00, 0x20, 0x70,
    0xa0, 0x50, 0xe0, 0x40, 0x00, 0x50, 0xa0, 0x50, 0xa0, 0x00, 0xf0, 0x00,
    0x00, 0x50, 0xa0, 0x50, 0xa0, 0x50, 0xa0, 0x00, 0x00, 0x60, 0x90, 0x00,
    0xf0, 0x00, 0xf0, 0x00, 0x00, 0x20, 0x50, 0x00, 0xf0, 0x00, 0xf0, 0x00,
    0x00, 0x50, 0x20, 0x00, 0xf0, 0x00, 0xf0, 0x00, 0x40, 0x20, 0x40, 0x00,
    0x40, 0xf0, 0x00, 0xf0, 0x00, 0x00, 0x20, 0xf0, 0x60, 0xf0, 0x40, 0x00,
    0x00, 0x00, 0xf0, 0x00, 0xf0, 0x00, 0xf0, 0x00, 0x00, 0x10, 0xf0, 0x20,
    0xf0, 0x40, 0xf0, 0x80, 0xf0, 0x00, 0xf0, 0x00, 0xf0, 0x00, 0xf0, 0x00,
    0x00, 0x10, 0x20, 0x40, 0x20, 0x10, 0x70, 0x00, 0x00, 0x40, 0x20, 0x10,
    0x20, 0x40, 0x70, 0x00, 0x00, 0x00, 0x28, 0x50, 0xa0, 0x50, 0x28, 0x00,
    0x00, 0x00, 0xa0, 0x50, 0x28, 0x50, 0xa0, 0x00, 0x00, 0x00, 0x00, 0x70,
    0x80, 0x70, 0x00, 0x00, 0x00, 0x00, 0x00, 0xe0, 0x10, 0xe0, 0x00, 0x00,
    0x00, 0x00, 0x20, 0x70, 0xa0, 0x70, 0x20, 0x00, 0x00, 0x00, 0x40, 0xe0,
    0x50, 0xe0, 0x40, 0x00, 0x00, 0x00, 0x70, 0x80, 0x70, 0x00, 0xf0, 0x00,
    0x00, 0x00, 0xe0, 0x10, 0xe0, 0x00, 0xf0, 0x00, 0x00, 0x20, 0x70, 0xa0,
    0x70, 0x20, 0xf0, 0x20, 0x00, 0x40, 0xe0, 0x50, 0xe0, 0x40, 0xf0, 0x40,
    0x00, 0x00, 0x70, 0x80, 0x70, 0x20, 0xf0, 0x40, 0x00, 0x00, 0xe0, 0x10,
    0xe0, 0x20, 0xf0, 0x40, 0x00, 0x00, 0x70, 0xa8, 0xf8, 0xa8, 0x70, 0x00,
    0x00, 0x00, 0x70, 0x88, 0xf8, 0x88, 0x70, 0x00, 0x00, 0x00, 0x70, 0xd8,
    0xa8, 0xd8, 0x70, 0x00, 0x00, 0x00, 0x70, 0x98, 0xa8, 0xc8, 0x70, 0x00,
    0x00, 0x00, 0x70, 0x88, 0xa8, 0x88, 0x70, 0x00, 0x00, 0x00, 0xf8, 0xa8,
    0xf8, 0xa8, 0xf8, 0x00, 0x00, 0x00, 0xf8, 0x88, 0xf8, 0x88, 0xf8, 0x00,
    0x00, 0x00, 0xf8, 0xd8, 0xa8, 0xd8, 0xf8, 0x00, 0x00, 0x00, 0xf8, 0x88,
    0xa8, 0x88, 0xf8, 0x00, 0x00, 0x00, 0x80, 0x80, 0xf0, 0x80, 0x80, 0x00,
    0x00, 0x00, 0x10, 0x10, 0xf0, 0x10, 0x10, 0x00, 0x00, 0xf8, 0x20, 0x20,
    0x20, 0x20, 0x20, 0x00, 0x00, 0x20, 0x20, 0x20, 0x20, 0x20, 0xf8, 0x00,
    0x00, 0x00, 0x40, 0x40, 0x70, 0x40, 0x40, 0x00, 0x00, 0x00, 0x40, 0x70,
    0x40, 0x70, 0x40, 0x00, 0x00, 0x00, 0x80, 0xf0, 0x80, 0xf0, 0x80, 0x00,
    0x20, 0x20, 0x50, 0x50, 0x50, 0x88, 0x88, 0x88, 0x88, 0x88, 0x88, 0x50,
    0x50, 0x50, 0x20, 0x20, 0x20, 0x50, 0x88, 0x88, 0x88, 0x88, 0x88, 0x88,
    0x88, 0x88, 0x88, 0x88, 0x88, 0x88, 0x50, 0x20, 0x00, 0x00, 0x00, 0x00,
    0x20, 0x00, 0x00, 0x00, 0x00, 0x00, 0x00, 0x50, 0xa0, 0x50, 0xa0, 0x00,
    0x00, 0x60, 0x90, 0x90, 0x90, 0x90, 0xf0, 0x00, 0x00, 0x70, 0x40, 0x40,
    0x40, 0x40, 0x40, 0x00, 0x00, 0x70, 0x10, 0x10, 0x10, 0x10, 0x10, 0x00,
    0x00, 0x40, 0x40, 0x40, 0x40, 0x40, 0x70, 0x00, 0x00, 0x10, 0x10, 0x10,
    0x10, 0x10, 0x70, 0x00, 0x00, 0x00, 0x00, 0x00, 0x70, 0x40, 0x40, 0x00,
    0x00, 0x00, 0x00, 0x60, 0x90, 0xd0, 0xe0, 0x00, 0x00, 0x10, 0x28, 0x20,
    0x20, 0x20, 0x20, 0x20, 0x20, 0x20, 0x20, 0x20, 0x20, 0xa0, 0x40, 0x00,
    0xf8, 0x00, 0x00, 0x00, 0x00, 0x00, 0x00, 0x00, 0x00, 0xf8, 0x00, 0x00,
    0x00, 0x00, 0x00, 0x00, 0x00, 0x00, 0x00, 0x00, 0x00, 0x00, 0xf8, 0x00,
    0x00, 0x00, 0x00, 0x00, 0x00, 0x00, 0x00, 0xf8, 0xa0, 0xa0, 0xe0, 0xa0,
    0xa0, 0x70, 0x20, 0x20, 0x80, 0x80, 0x80, 0xe0, 0x38, 0x20, 0x30, 0x20,
    0xa0, 0xa0, 0xa0, 0x40, 0x38, 0x10, 0x10, 0x10, 0xe0, 0x80, 0xc0, 0xb8,
    0xa0, 0x30, 0x20, 0x20, 0x60, 0x80, 0x80, 0x60, 0x30, 0x28, 0x30, 0x28,
    0x90, 0xd0, 0xb0, 0x90, 0x20, 0x20, 0x20, 0x38, 0x00, 0x00, 0x00, 0xf8,
    0x00, 0x00, 0x00, 0x00, 0x00, 0x00, 0x00, 0xf8, 0xf8, 0x00, 0x00, 0x00,
    0x20, 0x20, 0x20, 0x20, 0x20, 0x20, 0x20, 0x20, 0x30, 0x30, 0x30, 0x30,
    0x30, 0x30, 0x30, 0x30, 0x00, 0x00, 0x00, 0xa8, 0x00, 0x00, 0x00, 0x00,
    0x00, 0x00, 0x00, 0xa8, 0xa8, 0x00, 0x00, 0x00, 0x20, 0x20, 0x00, 0x20,
    0x20, 0x00, 0x20, 0x20, 0x30, 0x30, 0x00, 0x30, 0x30, 0x00, 0x30, 0x30,
    0x00, 0x00, 0x00, 0xa8, 0x00, 0x00, 0x00, 0x00, 0x00, 0x00, 0x00, 0xa8,
    0xa8, 0x00, 0x00, 0x00, 0x20, 0x00, 0x20, 0x00, 0x20, 0x00, 0x20, 0x00,
    0x30, 0x00, 0x30, 0x00, 0x30, 0x00, 0x30, 0x00, 0x00, 0x00, 0x00, 0x38,
    0x20, 0x20, 0x20, 0x20, 0x00, 0x00, 0x00, 0x38, 0x38, 0x20, 0x20, 0x20,
    0x00, 0x00, 0x00, 0x38, 0x30, 0x30, 0x30, 0x30, 0x00, 0x00, 0x00, 0x38,
    0x38, 0x30, 0x30, 0x30, 0x00, 0x00, 0x00, 0xe0, 0x20, 0x20, 0x20, 0x20,
    0x00, 0x00, 0x00, 0xe0, 0xe0, 0x20, 0x20, 0x20, 0x00, 0x00, 0x00, 0xf0,
    0x30, 0x30, 0x30, 0x30, 0x00, 0x00, 0x00, 0xf0, 0xf0, 0x30, 0x30, 0x30,
    0x20, 0x20, 0x20, 0x38, 0x00, 0x00, 0x00, 0x00, 0x20, 0x20, 0x20, 0x38,
    0x38, 0x00, 0x00, 0x00, 0x30, 0x30, 0x30, 0x38, 0x00, 0x00, 0x00, 0x00,
    0x30, 0x30, 0x30, 0x38, 0x38, 0x00, 0x00, 0x00, 0x20, 0x20, 0x20, 0xe0,
    0x00, 0x00, 0x00, 0x00, 0x20, 0x20, 0x20, 0xe0, 0xe0, 0x00, 0x00, 0x00,
    0x30, 0x30, 0x30, 0xf0, 0x00, 0x00, 0x00, 0x00, 0x30, 0x30, 0x30, 0xf0,
    0xf0, 0x00, 0x00, 0x00, 0x20, 0x20, 0x20, 0x38, 0x20, 0x20, 0x20, 0x20,
    0x20, 0x20, 0x20, 0x38, 0x38, 0x20, 0x20, 0x20, 0x30, 0x30, 0x30, 0x38,
    0x20, 0x20, 0x20, 0x20, 0x20, 0x20, 0x20, 0x38, 0x30, 0x30, 0x30, 0x30,
    0x30, 0x30, 0x30, 0x38, 0x30, 0x30, 0x30, 0x30, 0x30, 0x30, 0x30, 0x38,
    0x38, 0x20, 0x20, 0x20, 0x20, 0x20, 0x20, 0x38, 0x38, 0x30, 0x30, 0x30,
    0x30, 0x30, 0x30, 0x38, 0x38, 0x30, 0x30, 0x30, 0x20, 0x20, 0x20, 0xe0,
    0x20, 0x20, 0x20, 0x20, 0x20, 0x20, 0x20, 0xe0, 0xe0, 0x20, 0x20, 0x20,
    0x30, 0x30, 0x30, 0xf0, 0x20, 0x20, 0x20, 0x20, 0x20, 0x20, 0x20, 0xf0,
    0x30, 0x30, 0x30, 0x30, 0x30, 0x30, 0x30, 0xf0, 0x30, 0x30, 0x30, 0x30,
    0x30, 0x30, 0x30, 0xf0, 0xf0, 0x20, 0x20, 0x20, 0x20, 0x20, 0x20, 0xf0,
    0xf0, 0x30, 0x30, 0x30, 0x30, 0x30, 0x30, 0xf0, 0xf0, 0x30, 0x30, 0x30,
    0x00, 0x00, 0x00, 0xf8, 0x20, 0x20, 0x20, 0x20, 0x00, 0x00, 0x00, 0xf8,
    0xe0, 0x20, 0x20, 0x20, 0x00, 0x00, 0x00, 0xf8, 0x38, 0x20, 0x20, 0x20,
    0x00, 0x00, 0x00, 0xf8, 0xf8, 0x20, 0x20, 0x20, 0x00, 0x00, 0x00, 0xf8,
    0x30, 0x30, 0x30, 0x30, 0x00, 0x00, 0x00, 0xf8, 0xf0, 0x30, 0x30, 0x30,
    0x00, 0x00, 0x00, 0xf8, 0x38, 0x30, 0x30, 0x30, 0x00, 0x00, 0x00, 0xf8,
    0xf8, 0x30, 0x30, 0x30, 0x20, 0x20, 0x20, 0xf8, 0x00, 0x00, 0x00, 0x00,
    0x20, 0x20, 0x20, 0xf8, 0xe0, 0x00, 0x00, 0x00, 0x20, 0x20, 0x20, 0xf8,
    0x38, 0x00, 0x00, 0x00, 0x20, 0x20, 0x20, 0xf8, 0xf8, 0x00, 0x00, 0x00,
    0x30, 0x30, 0x30, 0xf8, 0x00, 0x00, 0x00, 0x00, 0x30, 0x30, 0x30, 0xf8,
    0xf0, 0x00, 0x00, 0x00, 0x30, 0x30, 0x30, 0xf8, 0x38, 0x00, 0x00, 0x00,
    0x30, 0x30, 0x30, 0xf8, 0xf8, 0x00, 0x00, 0x00, 0x20, 0x20, 0x20, 0xf8,
    0x20, 0x20, 0x20, 0x20, 0x20, 0x20, 0x20, 0xf8, 0xe0, 0x20, 0x20, 0x20,
    0x20, 0x20, 0x20, 0xf8, 0x38, 0x20, 0x20, 0x20, 0x20, 0x20, 0x20, 0xf8,
    0xf8, 0x20, 0x20, 0x20, 0x30, 0x30, 0x30, 0xf8, 0x20, 0x20, 0x20, 0x20,
    0x20, 0x20, 0x20, 0xf8, 0x30, 0x30, 0x30, 0x30, 0x30, 0x30, 0x30, 0xf8,
    0x30, 0x30, 0x30, 0x30, 0x30, 0x30, 0x30, 0xf8, 0xf0, 0x20, 0x20, 0x20,
    0x30, 0x30, 0x30, 0xf8, 0x38, 0x20, 0x20, 0x20, 0x20, 0x20, 0x20, 0xf8,
    0xf0, 0x30, 0x30, 0x30, 0x20, 0x20, 0x20, 0xf8, 0x38, 0x30, 0x30, 0x30,
    0x30, 0x30, 0x30, 0xf8, 0xf8, 0x20, 0x20, 0x20, 0x20, 0x20, 0x20, 0xf8,
    0xf8, 0x30, 0x30, 0x30, 0x30, 0x30, 0x30, 0xf8, 0xf0, 0x30, 0x30, 0x30,
    0x30, 0x30, 0x30, 0xf8, 0x38, 0x30, 0x30, 0x30, 0x30, 0x30, 0x30, 0xf8,
    0xf8, 0x30, 0x30, 0x30, 0x00, 0x00, 0x00, 0xb0, 0x00, 0x00, 0x00, 0x00,
    0x00, 0x00, 0x00, 0xb0, 0xb0, 0x00, 0x00, 0x00, 0x20, 0x20, 0x20, 0x00,
    0x20, 0x20, 0x20, 0x00, 0x30, 0x30, 0x30, 0x00, 0x30, 0x30, 0x30, 0x00,
    0x00, 0x00, 0xf8, 0x00, 0xf8, 0x00, 0x00, 0x00, 0x50, 0x50, 0x50, 0x50,
    0x50, 0x50, 0x50, 0x50, 0x00, 0x00, 0x38, 0x20, 0x38, 0x20, 0x20, 0x20,
    0x00, 0x00, 0x00, 0x78, 0x50, 0x50, 0x50, 0x50, 0x00, 0x00, 0x78, 0x40,
    0x58, 0x50, 0x50, 0x50, 0x00, 0x00, 0xe0, 0x20, 0xe0, 0x20, 0x20, 0x20,
    0x00, 0x00, 0x00, 0xf0, 0x50, 0x50, 0x50, 0x50, 0x00, 0x00, 0xf0, 0x10,
    0xd0, 0x50, 0x50, 0x50, 0x20, 0x20, 0x38, 0x20, 0x38, 0x00, 0x00, 0x00,
    0x50, 0x50, 0x50, 0x78, 0x00, 0x00, 0x00, 0x00, 0x50, 0x50, 0x58, 0x40,
    0x78, 0x00, 0x00, 0x00, 0x20, 0x20, 0xe0, 0x20, 0xe0, 0x00, 0x00, 0x00,
    0x50, 0x50, 0x50, 0xf0, 0x00, 0x00, 0x00, 0x00, 0x50, 0x50, 0xd0, 0x10,
    0xf0, 0x00, 0x00, 0x00, 0x20, 0x20, 0x38, 0x20, 0x38, 0x20, 0x20, 0x20,
    0x50, 0x50, 0x50, 0x58, 0x50, 0x50, 0x50, 0x50, 0x50, 0x50, 0x58, 0x40,
    0x58, 0x50, 0x50, 0x50, 0x20, 0x20, 0xe0, 0x20, 0xe0, 0x20, 0x20, 0x20,
    0x50, 0x50, 0x50, 0xd0, 0x50, 0x50, 0x50, 0x50, 0x50, 0x50, 0xd0, 0x10,
    0xd0, 0x50, 0x50, 0x50, 0x00, 0x00, 0xf8, 0x00, 0xf8, 0x20, 0x20, 0x20,
    0x00, 0x00, 0x00, 0xf8, 0x50, 0x50, 0x50, 0x50, 0x00, 0x00, 0xf8, 0x00,
    0xd8, 0x50, 0x50, 0x50, 0x20, 0x20, 0xf8, 0x00, 0xf8, 0x00, 0x00, 0x00,
    0x50, 0x50, 0x50, 0xf8, 0x00, 0x00, 0x00, 0x00, 0x50, 0x50, 0xd8, 0x00,
    0xf8, 0x00, 0x00, 0x00, 0x20, 0x20, 0xf8, 0x20, 0xf8, 0x20, 0x20, 0x20,
    0x50, 0x50, 0x50, 0xf8, 0x50, 0x50, 0x50, 0x50, 0x50, 0x50, 0xd8, 0x00,
    0xd8, 0x50, 0x50, 0x50, 0x00, 0x00, 0x00, 0x18, 0x20, 0x20, 0x20, 0x20,
    0x00, 0x00, 0x00, 0xc0, 0x20, 0x20, 0x20, 0x20, 0x20, 0x20, 0x20, 0xc0,
    0x00, 0x00, 0x00, 0x00, 0x20, 0x20, 0x20, 0x18, 0x00, 0x00, 0x00, 0x00,
    0x08, 0x10, 0x10, 0x20, 0x20, 0x40, 0x40, 0x80, 0x80, 0x40, 0x40, 0x20,
    0x20, 0x10, 0x10, 0x08, 0x88, 0x50, 0x50, 0x20, 0x20, 0x50, 0x50, 0x88,
    0x00, 0x00, 0x00, 0xe0, 0x00, 0x00, 0x00, 0x00, 0x20, 0x20, 0x20, 0x20,
    0x00, 0x00, 0x00, 0x00, 0x00, 0x00, 0x00, 0x38, 0x00, 0x00, 0x00, 0x00,
    0x00, 0x00, 0x00, 0x20, 0x20, 0x20, 0x20, 0x20, 0x00, 0x00, 0x00, 0xe0,
    0xe0, 0x00, 0x00, 0x00, 0x30, 0x30, 0x30, 0x30, 0x00, 0x00, 0x00, 0x00,
    0x00, 0x00, 0x00, 0x38, 0x38, 0x00, 0x00, 0x00, 0x00, 0x00, 0x00, 0x30,
    0x30, 0x30, 0x30, 0x30, 0x00, 0x00, 0x00, 0xf8, 0x38, 0x00, 0x00, 0x00,
    0x20, 0x20, 0x20, 0x30, 0x30, 0x30, 0x30, 0x30, 0x00, 0x00, 0x00, 0xf8,
    0xe0, 0x00, 0x00, 0x00, 0x30, 0x30, 0x30, 0x30, 0x30, 0x20, 0x20, 0x20,
    0xf8, 0xf8, 0xf8, 0xf8, 0x00, 0x00, 0x00, 0x00, 0x00, 0x00, 0x00, 0x00,
    0x00, 0x00, 0x00, 0xf8, 0x00, 0x00, 0x00, 0x00, 0x00, 0x00, 0xf8, 0xf8,
    0x00, 0x00, 0x00, 0x00, 0x00, 0xf8, 0xf8, 0xf8, 0x00, 0x00, 0x00, 0x00,
    0xf8, 0xf8, 0xf8, 0xf8, 0x00, 0x00, 0x00, 0xf8, 0xf8, 0xf8, 0xf8, 0xf8,
    0x00, 0x00, 0xf8, 0xf8, 0xf8, 0xf8, 0xf8, 0xf8, 0x00, 0xf8, 0xf8, 0xf8,
    0xf8, 0xf8, 0xf8, 0xf8, 0xf8, 0xf8, 0xf8, 0xf8, 0xf8, 0xf8, 0xf8, 0xf8,
    0xf0, 0xf0, 0xf0, 0xf0, 0xf0, 0xf0, 0xf0, 0xf0, 0xf0, 0xf0, 0xf0, 0xf0,
    0xf0, 0xf0, 0xf0, 0xf0, 0xe0, 0xe0, 0xe0, 0xe0, 0xe0, 0xe0, 0xe0, 0xe0,
    0xe0, 0xe0, 0xe0, 0xe0, 0xe0, 0xe0, 0xe0, 0xe0, 0xc0, 0xc0, 0xc0, 0xc0,
    0xc0, 0xc0, 0xc0, 0xc0, 0xc0, 0xc0, 0xc0, 0xc0, 0xc0, 0xc0, 0xc0, 0xc0,
    0x80, 0x80, 0x80, 0x80, 0x80, 0x80, 0x80, 0x80, 0x18, 0x18, 0x18, 0x18,
    0x18, 0x18, 0x18, 0x18, 0xa8, 0x00, 0x50, 0x00, 0xa8, 0x00, 0x50, 0x00,
    0x50, 0xa8, 0x50, 0xa8, 0x50, 0xa8, 0x50, 0xa8, 0x50, 0xf8, 0xa8, 0xf8,
    0x50, 0xf8, 0xa8, 0xf8, 0xf8, 0x00, 0x00, 0x00, 0x00, 0x00, 0x00, 0x00,
    0x08, 0x08, 0x08, 0x08, 0x08, 0x08, 0x08, 0x08, 0x00, 0x00, 0x00, 0x00,
    0xe0, 0xe0, 0xe0, 0xe0, 0x00, 0x00, 0x00, 0x00, 0x18, 0x18, 0x18, 0x18,
    0xe0, 0xe0, 0xe0, 0xe0, 0x00, 0x00, 0x00, 0x00, 0xe0, 0xe0, 0xe0, 0xe0,
    0xf8, 0xf8, 0xf8, 0xf8, 0xe0, 0xe0, 0xe0, 0xe0, 0x18, 0x18, 0x18, 0x18,
    0xf8, 0xf8, 0xf8, 0xf8, 0xe0, 0xe0, 0xe0, 0xe0, 0xf8, 0xf8, 0xf8, 0xf8,
    0x18, 0x18, 0x18, 0x18, 0x18, 0x18, 0x18, 0x18, 0x00, 0x00, 0x00, 0x00,
    0x18, 0x18, 0x18, 0x18, 0xe0, 0xe0, 0xe0, 0xe0, 0x18, 0x18, 0x18, 0x18,
    0xf8, 0xf8, 0xf8, 0xf8, 0x00, 0x00, 0x00, 0xf0, 0xf0, 0xf0, 0xf0, 0x00,
    0x00, 0x00, 0x00, 0xf0, 0x90, 0x90, 0xf0, 0x00, 0x00, 0x00, 0x00, 0x60,
    0x90, 0x90, 0x60, 0x00, 0x00, 0x00, 0x00, 0xf0, 0xd0, 0xb0, 0xf0, 0x00,
    0x00, 0x00, 0x00, 0xf0, 0xb0, 0xd0, 0xf0, 0x00, 0x00, 0x00, 0x00, 0x70,
    0x70, 0x70, 0x00, 0x00, 0x00, 0x00, 0x00, 0x70, 0x50, 0x70, 0x00, 0x00,
    0x00, 0x00, 0x00, 0xf0, 0xf0, 0xf0, 0x00, 0x00, 0x00, 0x00, 0x00, 0xf0,
    0x90, 0xf0, 0x00, 0x00, 0x00, 0x70, 0x70, 0x70, 0x70, 0x70, 0x70, 0x00,
    0x00, 0x70, 0x50, 0x50, 0x50, 0x50, 0x70, 0x00, 0x00, 0x00, 0x00, 0x38,
    0x70, 0xe0, 0x00, 0x00, 0x00, 0x00, 0x00, 0x38, 0x50, 0xe0, 0x00, 0x00,
    0x00, 0x20, 0x20, 0x70, 0x70, 0xf8, 0xf8, 0x00, 0x00, 0x20, 0x20, 0x50,
    0x50, 0x88, 0xf8, 0x00, 0x00, 0x00, 0x20, 0x20, 0x70, 0x70, 0x00, 0x00,
    0x00, 0x00, 0x20, 0x20, 0x50, 0x70, 0x00, 0x00, 0x00, 0x40, 0x60, 0x70,
    0x70, 0x60, 0x40, 0x00, 0x00, 0x40, 0x60, 0x50, 0x50, 0x60, 0x40, 0x00,
    0x00, 0x00, 0x40, 0x60, 0x70, 0x60, 0x40, 0x00, 0x00, 0x00, 0x40, 0x60,
    0x50, 0x60, 0x40, 0x00, 0x00, 0x00, 0x80, 0xe0, 0xf8, 0xe0, 0x80, 0x00,
    0x00, 0x00, 0x80, 0xe0, 0x98, 0xe0, 0x80, 0x00, 0x00, 0xf8, 0xf8, 0x70,
    0x70, 0x20, 0x20, 0x00, 0x00, 0xf8, 0x88, 0x50, 0x50, 0x20, 0x20, 0x00,
    0x00, 0x00, 0x70, 0x70, 0x20, 0x20, 0x00, 0x00, 0x00, 0x00, 0x70, 0x50,
    0x20, 0x20, 0x00, 0x00, 0x00, 0x10, 0x30, 0x70, 0x70, 0x30, 0x10, 0x00,
    0x00, 0x10, 0x30, 0x50, 0x50, 0x30, 0x10, 0x00, 0x00, 0x00, 0x10, 0x30,
    0x70, 0x30, 0x10, 0x00, 0x00, 0x00, 0x10, 0x30, 0x50, 0x30, 0x10, 0x00,
    0x00, 0x00, 0x08, 0x38, 0xf8, 0x38, 0x08, 0x00, 0x00, 0x00, 0x08, 0x38,
    0xc8, 0x38, 0x08, 0x00, 0x00, 0x00, 0x20, 0x70, 0xf8, 0x70, 0x20, 0x00,
    0x00, 0x00, 0x20, 0x50, 0x88, 0x50, 0x20, 0x00, 0x20, 0x50, 0x50, 0x88,
    0x50, 0x50, 0x20, 0x00, 0x00, 0x00, 0x70, 0x88, 0x88, 0x88, 0x70, 0x00,
    0x00, 0x00, 0x50, 0x00, 0x88, 0x00, 0x50, 0x00, 0x00, 0x00, 0x70, 0xa8,
    0xa8, 0xa8, 0x70, 0x00, 0x00, 0x00, 0x70, 0xa8, 0xd8, 0xa8, 0x70, 0x00,
    0x00, 0x00, 0x70, 0xf8, 0xf8, 0xf8, 0x70, 0x00, 0x00, 0x00, 0x70, 0xe8,
    0xe8, 0xe8, 0x70, 0x00, 0x00, 0x00, 0x70, 0xb8, 0xb8, 0xb8, 0x70, 0x00,
    0x00, 0x00, 0x70, 0x88, 0xf8, 0xf8, 0x70, 0x00, 0x00, 0x00, 0x70, 0xf8,
    0xf8, 0x88, 0x70, 0x00, 0x00, 0x00, 0x70, 0xb8, 0xb8, 0x88, 0x70, 0x00,
    0x00, 0x00, 0x70, 0x98, 0x98, 0xf8, 0x70, 0x00, 0xf8, 0xf8, 0xd8, 0x88,
    0x88, 0xd8, 0xf8, 0xf8, 0xf8, 0xd8, 0xa8, 0x70, 0x70, 0xa8, 0xd8, 0xf8,
    0xf8, 0xd8, 0xa8, 0x70, 0x00, 0x00, 0x00, 0x00, 0x00, 0x00, 0x00, 0x00,
    0x70, 0xa8, 0xd8, 0xf8, 0x00, 0x00, 0x00, 0x10, 0x30, 0x70, 0xf0, 0x00,
    0x00, 0x00, 0x00, 0x80, 0xc0, 0xe0, 0xf0, 0x00, 0x00, 0x00, 0x00, 0xf0,
    0xe0, 0xc0, 0x80, 0x00, 0x00, 0x00, 0x00, 0xf0, 0x70, 0x30, 0x10, 0x00,
    0x00, 0x00, 0x00, 0x60, 0x90, 0x90, 0x60, 0x00, 0x00, 0x00, 0x00, 0xf0,
    0xd0, 0xd0, 0xf0, 0x00, 0x00, 0x00, 0x00, 0xf0, 0xb0, 0xb0, 0xf0, 0x00,
    0x00, 0x00, 0x00, 0xf0, 0xf0, 0xd0, 0xf0, 0x00, 0x00, 0x00, 0x00, 0xf0,
    0xb0, 0xf0, 0xf0, 0x00, 0x20, 0x50, 0x20, 0xf8, 0x20, 0x20, 0x20, 0x20,
    0x20, 0x70, 0x20, 0xf8, 0x20, 0x30, 0x60, 0x20, 0x30, 0x28, 0x30, 0x20,
    0xa8, 0x70, 0xa8, 0x00, 0x20, 0x70, 0x20, 0xf8, 0x20, 0x20, 0x20, 0x20,
    0x70, 0x20, 0xa8, 0xf8, 0xa8, 0x20, 0x70, 0x00, 0x00, 0x00, 0x70, 0x00,
    0x70, 0x00, 0x70, 0x00, 0x00, 0x00, 0x50, 0x00, 0x70, 0x00, 0x70, 0x00,
    0x00, 0x00, 0x70, 0x00, 0x50, 0x00, 0x70, 0x00, 0x00, 0x00, 0x50, 0x00,
    0x50, 0x00, 0x70, 0x00, 0x00, 0x00, 0x70, 0x00, 0x70, 0x00, 0x50, 0x00,
    0x00, 0x00, 0x50, 0x00, 0x70, 0x00, 0x50, 0x00, 0x00, 0x00, 0x70, 0x00,
    0x50, 0x00, 0x50, 0x00, 0x00, 0x00, 0x50, 0x00, 0x50, 0x00, 0x50, 0x00,
    0x00, 0x20, 0xa8, 0x70, 0x50, 0x70, 0xa8, 0x20, 0x00, 0x70, 0x88, 0xd8,
    0x88, 0xa8, 0x88, 0x70, 0x00, 0x70, 0xa8, 0xf8, 0xa8, 0xd8, 0x70, 0x00,
    0x00, 0x20, 0x88, 0x20, 0x50, 0x20, 0x88, 0x20, 0x00, 0x70, 0xc8, 0x28,
    0x28, 0xc8, 0x70, 0x00, 0x00, 0x70, 0x98, 0xa0, 0xa0, 0x98, 0x70, 0x00,
    0x00, 0x70, 0x88, 0x88, 0x70, 0x20, 0x70, 0x20, 0x00, 0x20, 0x70, 0x20,
    0x70, 0x88, 0x88, 0x70, 0x00, 0x00, 0x38, 0x18, 0x68, 0x90, 0x90, 0x60,
    0x00, 0x20, 0x20, 0x70, 0xf8, 0x20, 0x70, 0x00, 0x00, 0x50, 0xa8, 0x88,
    0x50, 0x20, 0x20, 0x00, 0x00, 0x20, 0x50, 0x88, 0x50, 0x20, 0x00, 0x00,
    0x00, 0x20, 0x70, 0xa8, 0xf8, 0xa8, 0x70, 0x00, 0x00, 0x20, 0x50, 0x50,
    0xf8, 0x20, 0x70, 0x00, 0x00, 0x50, 0xf8, 0xf8, 0x70, 0x20, 0x20, 0x00,
    0x00, 0x20, 0x70, 0xf8, 0x70, 0x20, 0x00, 0x00, 0x00, 0x20, 0x70, 0xa8,
    0x70, 0x20, 0x70, 0x00, 0x00, 0x10, 0x10, 0x10, 0x30, 0x70, 0x30, 0x00,
    0x00, 0x30, 0x28, 0x20, 0x60, 0xe0, 0x60, 0x00, 0x40, 0x60, 0x50, 0xd0,
    0xd0, 0x30, 0x30, 0x00, 0x40, 0x60, 0x50, 0xf0, 0xd0, 0x30, 0x30, 0x00,
    0x00, 0x80, 0xa0, 0xd0, 0x90, 0xa0, 0xc0, 0x00, 0x80, 0x80, 0xb0, 0xd0,
    0xb0, 0xd0, 0x10, 0x10, 0x10, 0x58, 0x70, 0xd0, 0x78, 0xd0, 0x40, 0x00,
    0x00, 0x20, 0x20, 0x40, 0x40, 0x20, 0x20, 0x00, 0x00, 0x40, 0x40, 0x20,
    0x20, 0x40, 0x40, 0x00, 0x00, 0x00, 0x00, 0x00, 0x00, 0x00, 0x00, 0x00,
    0x00, 0x40, 0x00, 0x00, 0x00, 0x00, 0x00, 0x00, 0x00, 0x00, 0x00, 0x40,
    0x00, 0x00, 0x00, 0x00, 0x00, 0x40, 0x00, 0x40, 0x00, 0x00, 0x00, 0x00,
    0x00, 0x00, 0x00, 0x00, 0x00, 0x40, 0x00, 0x00, 0x00, 0x40, 0x00, 0x00,
    0x00, 0x40, 0x00, 0x00, 0x00, 0x00, 0x00, 0x40, 0x00, 0x40, 0x00, 0x00,
    0x00, 0x40, 0x00, 0x40, 0x00, 0x40, 0x00, 0x00, 0x00, 0x10, 0x00, 0x00,
    0x00, 0x00, 0x00, 0x00, 0x00, 0x50, 0x00, 0x00, 0x00, 0x00, 0x00, 0x00,
    0x00, 0x10, 0x00, 0x40, 0x00, 0x00, 0x00, 0x00, 0x00, 0x50, 0x00, 0x40,
    0x00, 0x00, 0x00, 0x00, 0x00, 0x10, 0x00, 0x00, 0x00, 0x40, 0x00, 0x00,
    0x00, 0x50, 0x00, 0x00, 0x00, 0x40, 0x00, 0x00, 0x00, 0x10, 0x00, 0x40,
    0x00, 0x40, 0x00, 0x00, 0x00, 0x50, 0x00, 0x40, 0x00, 0x40, 0x00, 0x00,
    0x00, 0x00, 0x00, 0x10, 0x00, 0x00, 0x00, 0x00, 0x00, 0x40, 0x00, 0x10,
    0x00, 0x00, 0x00, 0x00, 0x00, 0x00, 0x00, 0x50, 0x00, 0x00, 0x00, 0x00,
    0x00, 0x40, 0x00, 0x50, 0x00, 0x00, 0x00, 0x00, 0x00, 0x00, 0x00, 0x10,
    0x00, 0x40, 0x00, 0x00, 0x00, 0x40, 0x00, 0x10, 0x00, 0x40, 0x00, 0x00,
    0x00, 0x00, 0x00, 0x50, 0x00, 0x40, 0x00, 0x00, 0x00, 0x40, 0x00, 0x50,
    0x00, 0x40, 0x00, 0x00, 0x00, 0x10, 0x00, 0x10, 0x00, 0x00, 0x00, 0x00,
    0x00, 0x50, 0x00, 0x10, 0x00, 0x00, 0x00, 0x00, 0x00, 0x10, 0x00, 0x50,
    0x00, 0x00, 0x00, 0x00, 0x00, 0x50, 0x00, 0x50, 0x00, 0x00, 0x00, 0x00,
    0x00, 0x10, 0x00, 0x10, 0x00, 0x40, 0x00, 0x00, 0x00, 0x50, 0x00, 0x10,
    0x00, 0x40, 0x00, 0x00, 0x00, 0x10, 0x00, 0x50, 0x00, 0x40, 0x00, 0x00,
    0x00, 0x50, 0x00, 0x50, 0x00, 0x40, 0x00, 0x00, 0x00, 0x00, 0x00, 0x00,
    0x00, 0x10, 0x00, 0x00, 0x00, 0x40, 0x00, 0x00, 0x00, 0x10, 0x00, 0x00,
    0x00, 0x00, 0x00, 0x40, 0x00, 0x10, 0x00, 0x00, 0x00, 0x40, 0x00, 0x40,
    0x00, 0x10, 0x00, 0x00, 0x00, 0x00, 0x00, 0x00, 0x00, 0x50, 0x00, 0x00,
    0x00, 0x40, 0x00, 0x00, 0x00, 0x50, 0x00, 0x00, 0x00, 0x00, 0x00, 0x40,
    0x00, 0x50, 0x00, 0x00, 0x00, 0x40, 0x00, 0x40, 0x00, 0x50, 0x00, 0x00,
    0x00, 0x10, 0x00, 0x00, 0x00, 0x10, 0x00, 0x00, 0x00, 0x50, 0x00, 0x00,
    0x00, 0x10, 0x00, 0x00, 0x00, 0x10, 0x00, 0x40, 0x00, 0x10, 0x00, 0x00,
    0x00, 0x50, 0x00, 0x40, 0x00, 0x10, 0x00, 0x00, 0x00, 0x10, 0x00, 0x00,
    0x00, 0x50, 0x00, 0x00, 0x00, 0x50, 0x00, 0x00, 0x00, 0x50, 0x00, 0x00,
    0x00, 0x10, 0x00, 0x40, 0x00, 0x50, 0x00, 0x00, 0x00, 0x50, 0x00, 0x40,
    0x00, 0x50, 0x00, 0x00, 0x00, 0x00, 0x00, 0x10, 0x00, 0x10, 0x00, 0x00,
    0x00, 0x40, 0x00, 0x10, 0x00, 0x10, 0x00, 0x00, 0x00, 0x00, 0x00, 0x50,
    0x00, 0x10, 0x00, 0x00, 0x00, 0x40, 0x00, 0x50, 0x00, 0x10, 0x00, 0x00,
    0x00, 0x00, 0x00, 0x10, 0x00, 0x50, 0x00, 0x00, 0x00, 0x40, 0x00, 0x10,
    0x00, 0x50, 0x00, 0x00, 0x00, 0x00, 0x00, 0x50, 0x00, 0x50, 0x00, 0x00,
    0x00, 0x40, 0x00, 0x50, 0x00, 0x50, 0x00, 0x00, 0x00, 0x10, 0x00, 0x10,
    0x00, 0x10, 0x00, 0x00, 0x00, 0x50, 0x00, 0x10, 0x00, 0x10, 0x00, 0x00,
    0x00, 0x10, 0x00, 0x50, 0x00, 0x10, 0x00, 0x00, 0x00, 0x50, 0x00, 0x50,
    0x00, 0x10, 0x00, 0x00, 0x00, 0x10, 0x00, 0x10, 0x00, 0x50, 0x00, 0x00,
    0x00, 0x50, 0x00, 0x10, 0x00, 0x50, 0x00, 0x00, 0x00, 0x10, 0x00, 0x50,
    0x00, 0x50, 0x00, 0x00, 0x00, 0x50, 0x00, 0x50, 0x00, 0x50, 0x00, 0x00,
    0x00, 0x00, 0x00, 0x00, 0x00, 0x00, 0x00, 0x40, 0x00, 0x40, 0x00, 0x00,
    0x00, 0x00, 0x00, 0x40, 0x00, 0x00, 0x00, 0x40, 0x00, 0x00, 0x00, 0x40,
    0x00, 0x40, 0x00, 0x40, 0x00, 0x00, 0x00, 0x40, 0x00, 0x00, 0x00, 0x00,
    0x00, 0x40, 0x00, 0x40, 0x00, 0x40, 0x00, 0x00, 0x00, 0x40, 0x00, 0x40,
    0x00, 0x00, 0x00, 0x40, 0x00, 0x40, 0x00, 0x40, 0x00, 0x40, 0x00, 0x40,
    0x00, 0x40, 0x00, 0x40, 0x00, 0x10, 0x00, 0x00, 0x00, 0x00, 0x00, 0x40,
    0x00, 0x50, 0x00, 0x00, 0x00, 0x00, 0x00, 0x40, 0x00, 0x10, 0x00, 0x40,
    0x00, 0x00, 0x00, 0x40, 0x00, 0x50, 0x00, 0x40, 0x00, 0x00, 0x00, 0x40,
    0x00, 0x10, 0x00, 0x00, 0x00, 0x40, 0x00, 0x40, 0x00, 0x50, 0x00, 0x00,
    0x00, 0x40, 0x00, 0x40, 0x00, 0x10, 0x00, 0x40, 0x00, 0x40, 0x00, 0x40,
    0x00, 0x50, 0x00, 0x40, 0x00, 0x40, 0x00, 0x40, 0x00, 0x00, 0x00, 0x10,
    0x00, 0x00, 0x00, 0x40, 0x00, 0x40, 0x00, 0x10, 0x00, 0x00, 0x00, 0x40,
    0x00, 0x00, 0x00, 0x50, 0x00, 0x00, 0x00, 0x40, 0x00, 0x40, 0x00, 0x50,
    0x00, 0x00, 0x00, 0x40, 0x00, 0x00, 0x00, 0x10, 0x00, 0x40, 0x00, 0x40,
    0x00, 0x40, 0x00, 0x10, 0x00, 0x40, 0x00, 0x40, 0x00, 0x00, 0x00, 0x50,
    0x00, 0x40, 0x00, 0x40, 0x00, 0x40, 0x00, 0x50, 0x00, 0x40, 0x00, 0x40,
    0x00, 0x10, 0x00, 0x10, 0x00, 0x00, 0x00, 0x40, 0x00, 0x50, 0x00, 0x10,
    0x00, 0x00, 0x00, 0x40, 0x00, 0x10, 0x00, 0x50, 0x00, 0x00, 0x00, 0x40,
    0x00, 0x50, 0x00, 0x50, 0x00, 0x00, 0x00, 0x40, 0x00, 0x10, 0x00, 0x10,
    0x00, 0x40, 0x00, 0x40, 0x00, 0x50, 0x00, 0x10, 0x00, 0x40, 0x00, 0x40,
    0x00, 0x10, 0x00, 0x50, 0x00, 0x40, 0x00, 0x40, 0x00, 0x50, 0x00, 0x50,
    0x00, 0x40, 0x00, 0x40, 0x00, 0x00, 0x00, 0x00, 0x00, 0x10, 0x00, 0x40,
    0x00, 0x40, 0x00, 0x00, 0x00, 0x10, 0x00, 0x40, 0x00, 0x00, 0x00, 0x40,
    0x00, 0x10, 0x00, 0x40, 0x00, 0x40, 0x00, 0x40, 0x00, 0x10, 0x00, 0x40,
    0x00, 0x00, 0x00, 0x00, 0x00, 0x50, 0x00, 0x40, 0x00, 0x40, 0x00, 0x00,
    0x00, 0x50, 0x00, 0x40, 0x00, 0x00, 0x00, 0x40, 0x00, 0x50, 0x00, 0x40,
    0x00, 0x40, 0x00, 0x40, 0x00, 0x50, 0x00, 0x40, 0x00, 0x10, 0x00, 0x00,
    0x00, 0x10, 0x00, 0x40, 0x00, 0x50, 0x00, 0x00, 0x00, 0x10, 0x00, 0x40,
    0x00, 0x10, 0x00, 0x40, 0x00, 0x10, 0x00, 0x40, 0x00, 0x50, 0x00, 0x40,
    0x00, 0x10, 0x00, 0x40, 0x00, 0x10, 0x00, 0x00, 0x00, 0x50, 0x00, 0x40,
    0x00, 0x50, 0x00, 0x00, 0x00, 0x50, 0x00, 0x40, 0x00, 0x10, 0x00, 0x40,
    0x00, 0x50, 0x00, 0x40, 0x00, 0x50, 0x00, 0x40, 0x00, 0x50, 0x00, 0x40,
    0x00, 0x00, 0x00, 0x10, 0x00, 0x10, 0x00, 0x40, 0x00, 0x40, 0x00, 0x10,
    0x00, 0x10, 0x00, 0x40, 0x00, 0x00, 0x00, 0x50, 0x00, 0x10, 0x00, 0x40,
    0x00, 0x40, 0x00, 0x50, 0x00, 0x10, 0x00, 0x40, 0x00, 0x00, 0x00, 0x10,
    0x00, 0x50, 0x00, 0x40, 0x00, 0x40, 0x00, 0x10, 0x00, 0x50, 0x00, 0x40,
    0x00, 0x00, 0x00, 0x50, 0x00, 0x50, 0x00, 0x40, 0x00, 0x40, 0x00, 0x50,
    0x00, 0x50, 0x00, 0x40, 0x00, 0x10, 0x00, 0x10, 0x00, 0x10, 0x00, 0x40,
    0x00, 0x50, 0x00, 0x10, 0x00, 0x10, 0x00, 0x40, 0x00, 0x10, 0x00, 0x50,
    0x00, 0x10, 0x00, 0x40, 0x00, 0x50, 0x00, 0x50, 0x00, 0x10, 0x00, 0x40,
    0x00, 0x10, 0x00, 0x10, 0x00, 0x50, 0x00, 0x40, 0x00, 0x50, 0x00, 0x10,
    0x00, 0x50, 0x00, 0x40, 0x00, 0x10, 0x00, 0x50, 0x00, 0x50, 0x00, 0x40,
    0x00, 0x50, 0x00, 0x50, 0x00, 0x50, 0x00, 0x40, 0x00, 0x00, 0x00, 0x00,
    0x00, 0x00, 0x00, 0x10, 0x00, 0x40, 0x00, 0x00, 0x00, 0x00, 0x00, 0x10,
    0x00, 0x00, 0x00, 0x40, 0x00, 0x00, 0x00, 0x10, 0x00, 0x40, 0x00, 0x40,
    0x00, 0x00, 0x00, 0x10, 0x00, 0x00, 0x00, 0x00, 0x00, 0x40, 0x00, 0x10,
    0x00, 0x40, 0x00, 0x00, 0x00, 0x40, 0x00, 0x10, 0x00, 0x00, 0x00, 0x40,
    0x00, 0x40, 0x00, 0x10, 0x00, 0x40, 0x00, 0x40, 0x00, 0x40, 0x00, 0x10,
    0x00, 0x10, 0x00, 0x00, 0x00, 0x00, 0x00, 0x10, 0x00, 0x50, 0x00, 0x00,
    0x00, 0x00, 0x00, 0x10, 0x00, 0x10, 0x00, 0x40, 0x00, 0x00, 0x00, 0x10,
    0x00, 0x50, 0x00, 0x40, 0x00, 0x00, 0x00, 0x10, 0x00, 0x10, 0x00, 0x00,
    0x00, 0x40, 0x00, 0x10, 0x00, 0x50, 0x00, 0x00, 0x00, 0x40, 0x00, 0x10,
    0x00, 0x10, 0x00, 0x40, 0x00, 0x40, 0x00, 0x10, 0x00, 0x50, 0x00, 0x40,
    0x00, 0x40, 0x00, 0x10, 0x00, 0x00, 0x00, 0x10, 0x00, 0x00, 0x00, 0x10,
    0x00, 0x40, 0x00, 0x10, 0x00, 0x00, 0x00, 0x10, 0x00, 0x00, 0x00, 0x50,
    0x00, 0x00, 0x00, 0x10, 0x00, 0x40, 0x00, 0x50, 0x00, 0x00, 0x00, 0x10,
    0x00, 0x00, 0x00, 0x10, 0x00, 0x40, 0x00, 0x10, 0x00, 0x40, 0x00, 0x10,
    0x00, 0x40, 0x00, 0x10, 0x00, 0x00, 0x00, 0x50, 0x00, 0x40, 0x00, 0x10,
    0x00, 0x40, 0x00, 0x50, 0x00, 0x40, 0x00, 0x10, 0x00, 0x10, 0x00, 0x10,
    0x00, 0x00, 0x00, 0x10, 0x00, 0x50, 0x00, 0x10, 0x00, 0x00, 0x00, 0x10,
    0x00, 0x10, 0x00, 0x50, 0x00, 0x00, 0x00, 0x10, 0x00, 0x50, 0x00, 0x50,
    0x00, 0x00, 0x00, 0x10, 0x00, 0x10, 0x00, 0x10, 0x00, 0x40, 0x00, 0x10,
    0x00, 0x50, 0x00, 0x10, 0x00, 0x40, 0x00, 0x10, 0x00, 0x10, 0x00, 0x50,
    0x00, 0x40, 0x00, 0x10, 0x00, 0x50, 0x00, 0x50, 0x00, 0x40, 0x00, 0x10,
    0x00, 0x00, 0x00, 0x00, 0x00, 0x10, 0x00, 0x10, 0x00, 0x40, 0x00, 0x00,
    0x00, 0x10, 0x00, 0x10, 0x00, 0x00, 0x00, 0x40, 0x00, 0x10, 0x00, 0x10,
    0x00, 0x40, 0x00, 0x40, 0x00, 0x10, 0x00, 0x10, 0x00, 0x00, 0x00, 0x00,
    0x00, 0x50, 0x00, 0x10, 0x00, 0x40, 0x00, 0x00, 0x00, 0x50, 0x00, 0x10,
    0x00, 0x00, 0x00, 0x40, 0x00, 0x50, 0x00, 0x10, 0x00, 0x40, 0x00, 0x40,
    0x00, 0x50, 0x00, 0x10, 0x00, 0x10, 0x00, 0x00, 0x00, 0x10, 0x00, 0x10,
    0x00, 0x50, 0x00, 0x00, 0x00, 0x10, 0x00, 0x10, 0x00, 0x10, 0x00, 0x40,
    0x00, 0x10, 0x00, 0x10, 0x00, 0x50, 0x00, 0x40, 0x00, 0x10, 0x00, 0x10,
    0x00, 0x10, 0x00, 0x00, 0x00, 0x50, 0x00, 0x10, 0x00, 0x50, 0x00, 0x00,
    0x00, 0x50, 0x00, 0x10, 0x00, 0x10, 0x00, 0x40, 0x00, 0x50, 0x00, 0x10,
    0x00, 0x50, 0x00, 0x40, 0x00, 0x50, 0x00, 0x10, 0x00, 0x00, 0x00, 0x10,
    0x00, 0x10, 0x00, 0x10, 0x00, 0x40, 0x00, 0x10, 0x00, 0x10, 0x00, 0x10,
    0x00, 0x00, 0x00, 0x50, 0x00, 0x10, 0x00, 0x10, 0x00, 0x40, 0x00, 0x50,
    0x00, 0x10, 0x00, 0x10, 0x00, 0x00, 0x00, 0x10, 0x00, 0x50, 0x00, 0x10,
    0x00, 0x40, 0x00, 0x10, 0x00, 0x50, 0x00, 0x10, 0x00, 0x00, 0x00, 0x50,
    0x00, 0x50, 0x00, 0x10, 0x00, 0x40, 0x00, 0x50, 0x00, 0x50, 0x00, 0x10,
    0x00, 0x10, 0x00, 0x10, 0x00, 0x10, 0x00, 0x10, 0x00, 0x50, 0x00, 0x10,
    0x00, 0x10, 0x00, 0x10, 0x00, 0x10, 0x00, 0x50, 0x00, 0x10, 0x00, 0x10,
    0x00, 0x50, 0x00, 0x50, 0x00, 0x10, 0x00, 0x10, 0x00, 0x10, 0x00, 0x10,
    0x00, 0x50, 0x00, 0x10, 0x00, 0x50, 0x00, 0x10, 0x00, 0x50, 0x00, 0x10,
    0x00, 0x10, 0x00, 0x50, 0x00, 0x50, 0x00, 0x10, 0x00, 0x50, 0x00, 0x50,
    0x00, 0x50, 0x00, 0x10, 0x00, 0x00, 0x00, 0x00, 0x00, 0x00, 0x00, 0x50,
    0x00, 0x40, 0x00, 0x00, 0x00, 0x00, 0x00, 0x50, 0x00, 0x00, 0x00, 0x40,
    0x00, 0x00, 0x00, 0x50, 0x00, 0x40, 0x00, 0x40, 0x00, 0x00, 0x00, 0x50,
    0x00, 0x00, 0x00, 0x00, 0x00, 0x40, 0x00, 0x50, 0x00, 0x40, 0x00, 0x00,
    0x00, 0x40, 0x00, 0x50, 0x00, 0x00, 0x00, 0x40, 0x00, 0x40, 0x00, 0x50,
    0x00, 0x40, 0x00, 0x40, 0x00, 0x40, 0x00, 0x50, 0x00, 0x10, 0x00, 0x00,
    0x00, 0x00, 0x00, 0x50, 0x00, 0x50, 0x00, 0x00, 0x00, 0x00, 0x00, 0x50,
    0x00, 0x10, 0x00, 0x40, 0x00, 0x00, 0x00, 0x50, 0x00, 0x50, 0x00, 0x40,
    0x00, 0x00, 0x00, 0x50, 0x00, 0x10, 0x00, 0x00, 0x00, 0x40, 0x00, 0x50,
    0x00, 0x50, 0x00, 0x00, 0x00, 0x40, 0x00, 0x50, 0x00, 0x10, 0x00, 0x40,
    0x00, 0x40, 0x00, 0x50, 0x00, 0x50, 0x00, 0x40, 0x00, 0x40, 0x00, 0x50,
    0x00, 0x00, 0x00, 0x10, 0x00, 0x00, 0x00, 0x50, 0x00, 0x40, 0x00, 0x10,
    0x00, 0x00, 0x00, 0x50, 0x00, 0x00, 0x00, 0x50, 0x00, 0x00, 0x00, 0x50,
    0x00, 0x40, 0x00, 0x50, 0x00, 0x00, 0x00, 0x50, 0x00, 0x00, 0x00, 0x10,
    0x00, 0x40, 0x00, 0x50, 0x00, 0x40, 0x00, 0x10, 0x00, 0x40, 0x00, 0x50,
    0x00, 0x00, 0x00, 0x50, 0x00, 0x40, 0x00, 0x50, 0x00, 0x40, 0x00, 0x50,
    0x00, 0x40, 0x00, 0x50, 0x00, 0x10, 0x00, 0x10, 0x00, 0x00, 0x00, 0x50,
    0x00, 0x50, 0x00, 0x10, 0x00, 0x00, 0x00, 0x50, 0x00, 0x10, 0x00, 0x50,
    0x00, 0x00, 0x00, 0x50, 0x00, 0x50, 0x00, 0x50, 0x00, 0x00, 0x00, 0x50,
    0x00, 0x10, 0x00, 0x10, 0x00, 0x40, 0x00, 0x50, 0x00, 0x50, 0x00, 0x10,
    0x00, 0x40, 0x00, 0x50, 0x00, 0x10, 0x00, 0x50, 0x00, 0x40, 0x00, 0x50,
    0x00, 0x50, 0x00, 0x50, 0x00, 0x40, 0x00, 0x50, 0x00, 0x00, 0x00, 0x00,
    0x00, 0x10, 0x00, 0x50, 0x00, 0x40, 0x00, 0x00, 0x00, 0x10, 0x00, 0x50,
    0x00, 0x00, 0x00, 0x40, 0x00, 0x10, 0x00, 0x50, 0x00, 0x40, 0x00, 0x40,
    0x00, 0x10, 0x00, 0x50, 0x00, 0x00, 0x00, 0x00, 0x00, 0x50, 0x00, 0x50,
    0x00, 0x40, 0x00, 0x00, 0x00, 0x50, 0x00, 0x50, 0x00, 0x00, 0x00, 0x40,
    0x00, 0x50, 0x00, 0x50, 0x00, 0x40, 0x00, 0x40, 0x00, 0x50, 0x00, 0x50,
    0x00, 0x10, 0x00, 0x00, 0x00, 0x10, 0x00, 0x50, 0x00, 0x50, 0x00, 0x00,
    0x00, 0x10, 0x00, 0x50, 0x00, 0x10, 0x00, 0x40, 0x00, 0x10, 0x00, 0x50,
    0x00, 0x50, 0x00, 0x40, 0x00, 0x10, 0x00, 0x50, 0x00, 0x10, 0x00, 0x00,
    0x00, 0x50, 0x00, 0x50, 0x00, 0x50, 0x00, 0x00, 0x00, 0x50, 0x00, 0x50,
    0x00, 0x10, 0x00, 0x40, 0x00, 0x50, 0x00, 0x50, 0x00, 0x50, 0x00, 0x40,
    0x00, 0x50, 0x00, 0x50, 0x00, 0x00, 0x00, 0x10, 0x00, 0x10, 0x00, 0x50,
    0x00, 0x40, 0x00, 0x10, 0x00, 0x10, 0x00, 0x50, 0x00, 0x00, 0x00, 0x50,
    0x00, 0x10, 0x00, 0x50, 0x00, 0x40, 0x00, 0x50, 0x00, 0x10, 0x00, 0x50,
    0x00, 0x00, 0x00, 0x10, 0x00, 0x50, 0x00, 0x50, 0x00, 0x40, 0x00, 0x10,
    0x00, 0x50, 0x00, 0x50, 0x00, 0x00, 0x00, 0x50, 0x00, 0x50, 0x00, 0x50,
    0x00, 0x40, 0x00, 0x50, 0x00, 0x50, 0x00, 0x50, 0x00, 0x10, 0x00, 0x10,
    0x00, 0x10, 0x00, 0x50, 0x00, 0x50, 0x00, 0x10, 0x00, 0x10, 0x00, 0x50,
    0x00, 0x10, 0x00, 0x50, 0x00, 0x10, 0x00, 0x50, 0x00, 0x50, 0x00, 0x50,
    0x00, 0x10, 0x00, 0x50, 0x00, 0x10, 0x00, 0x10, 0x00, 0x50, 0x00, 0x50,
    0x00, 0x50, 0x00, 0x10, 0x00, 0x50, 0x00, 0x50, 0x00, 0x10, 0x00, 0x50,
    0x00, 0x50, 0x00, 0x50, 0x00, 0x50, 0x00, 0x50, 0x00, 0x50, 0x00, 0x50,
    0x00, 0x50, 0xa8, 0xa0, 0xf0, 0xa0, 0xa0, 0x00, 0x00, 0x20, 0x50, 0x40,
    0xf0, 0x50, 0x50, 0x00, 0x00, 0x30, 0x50, 0x50, 0xf0, 0x50, 0x50, 0x00,
    0x70, 0xd8, 0xa8, 0xe8, 0xd8, 0xf8, 0xd8, 0x70,
};

static const GlyphMap Font5x8_Map[] = {
    {0x0000, 0},
    {0x0020, 1},
    {0x0021, 2},
    {0x0022, 3},
    {0x0023, 4},
    {0x0024, 5},
    {0x0025, 6},
    {0x0026, 7},
    {0x0027, 8},
    {0x0028, 9},
    {0x0029, 10},
    {0x002a, 11},
    {0x002b, 12},
    {0x002c, 13},
    {0x002d, 14},
    {0x002e, 15},
    {0x002f, 16},
    {0x0030, 17},
    {0x0031, 18},
    {0x0032, 19},
    {0x0033, 20},
    {0x0034, 21},
    {0x0035, 22},
    {0x0036, 23},
    {0x0037, 24},
    {0x0038, 25},
    {0x0039, 26},
    {0x003a, 27},
    {0x003b, 28},
    {0x003c, 29},
    {0x003d, 30},
    {0x003e, 31},
    {0x003f, 32},
    {0x0040, 33},
    {0x0041, 34},
    {0x0042, 35},
    {0x0043, 36},
    {0x0044, 37},
    {0x0045, 38},
    {0x0046, 39},
    {0x0047, 40},
    {0x0048, 41},
    {0x0049, 42},
    {0x004a, 43},
    {0x004b, 44},
    {0x004c, 45},
    {0x004d, 46},
    {0x004e, 47},
    {0x004f, 48},
    {0x0050, 49},
    {0x0051, 50},
    {0x0052, 51},
    {0x0053, 52},
    {0x0054, 53},
    {0x0055, 54},
    {0x0056, 55},
    {0x0057, 56},
    {0x0058, 57},
    {0x0059, 58},
    {0x005a, 59},
    {0x005b, 60},
    {0x005c, 61},
    {0x005d, 62},
    {0x005e, 63},
    {0x005f, 64},
    {0x0060, 65},
    {0x0061, 66},
    {0x0062, 67},
    {0x0063, 68},
    {0x0064, 69},
    {0x0065, 70},
    {0x0066, 71},
    {0x0067, 72},
    {0x0068, 73},
    {0x0069, 74},
    {0x006a, 75},
    {0x006b, 76},
    {0x006c, 77},
    {0x006d, 78},
    {0x006e, 79},
    {0x006f, 80},
    {0x0070, 81},
    {0x0071, 82},
    {0x0072, 83},
    {0x0073, 84},
    {0x0074, 85},
    {0x0075, 86},
    {0x0076, 87},
    {0x0077, 88},
    {0x0078, 89},
    {0x0079, 90},
    {0x007a, 91},
    {0x007b, 92},
    {0x007c, 93},
    {0x007d, 94},
    {0x007e, 95},
    {0x00a0, 96},
    {0x00a1, 97},
    {0x00a2, 98},
    {0x00a3, 99},
    {0x00a4, 100},
    {0x00a5, 101},
    {0x00a6, 102},
    {0x00a7, 103},
    {0x00a8, 104},
    {0x00a9, 105},
    {0x00aa, 106},
    {0x00ab, 107},
    {0x00ac, 108},
    {0x00ad, 109},
    {0x00ae, 110},
    {0x00af, 111},
    {0x00b0, 112},
    {0x00b1, 113},
    {0x00b2, 114},
    {0x00b3, 115},
    {0x00b4, 116},
    {0x00b5, 117},
    {0x00b6, 118},
    {0x00b7, 119},
    {0x00b8, 120},
    {0x00b9, 121},
    {0x00ba, 122},
    {0x00bb, 123},
    {0x00bc, 124},
    {0x00bd, 125},
    {0x00be, 126},
    {0x00bf, 127},
    {0x00c0, 128},
    {0x00c1, 129},
    {0x00c2, 130},
    {0x00c3, 131},
    {0x00c4, 132},
    {0x00c5, 133},
    {0x00c6, 134},
    {0x00c7, 135},
    {0x00c8, 136},
    {0x00c9, 137},
    {0x00ca, 138},
    {0x00cb, 139},
    {0x00cc, 140},
    {0x00cd, 141},
    {0x00ce, 142},
    {0x00cf, 143},
    {0x00d0, 144},
    {0x00d1, 145},
    {0x00d2, 146},
    {0x00d3, 147},
    {0x00d4, 148},
    {0x00d5, 149},
    {0x00d6, 150},
    {0x00d7, 151},
    {0x00d8, 152},
    {0x00d9, 153},
    {0x00da, 154},
    {0x00db, 155},
    {0x00dc, 156},
    {0x00dd, 157},
    {0x00de, 158},
    {0x00df, 159},
    {0x00e0, 160},
    {0x00e1, 161},
    {0x00e2, 162},
    {0x00e3, 163},
    {0x00e4, 164},
    {0x00e5, 165},
    {0x00e6, 166},
    {0x00e7, 167},
    {0x00e8, 168},
    {0x00e9, 169},
    {0x00ea, 170},
    {0x00eb, 171},
    {0x00ec, 172},
    {0x00ed, 173},
    {0x00ee, 174},
    {0x00ef, 175},
    {0x00f0, 176},
    {0x00f1, 177},
    {0x00f2, 178},
    {0x00f3, 179},
    {0x00f4, 180},
    {0x00f5, 181},
    {0x00f6, 182},
    {0x00f7, 183},
    {0x00f8, 184},
    {0x00f9, 185},
    {0x00fa, 186},
    {0x00fb, 187},
    {0x00fc, 188},
    {0x00fd, 189},
    {0x00fe, 190},
    {0x00ff, 191},
    {0x0100, 192},
    {0x0101, 193},
    {0x0102, 194},
    {0x0103, 195},
    {0x0104, 196},
    {0x0105, 197},
    {0x0106, 198},
    {0x0107, 199},
    {0x0108, 200},
    {0x0109, 201},
    {0x010a, 202},
    {0x010b, 203},
    {0x010c, 204},
    {0x010d, 205},
    {0x010e, 206},
    {0x010f, 207},
    {0x0110, 208},
    {0x0111, 209},
    {0x0112, 210},
    {0x0113, 211},
    {0x0114, 212},
    {0x0115, 213},
    {0x0116, 214},
    {0x0117, 215},
    {0x0118, 216},
    {0x0119, 217},
    {0x011a, 218},
    {0x011b, 219},
    {0x011c, 220},
    {0x011d, 221},
    {0x011e, 222},
    {0x011f, 223},
    {0x0120, 224},
    {0x0121, 225},
    {0x0122, 226},
    {0x0123, 227},
    {0x0124, 228},
    {0x0125, 229},
    {0x0126, 230},
    {0x0127, 231},
    {0x0128, 232},
    {0x0129, 233},
    {0x012a, 234},
    {0x012b, 235},
    {0x012c, 236},
    {0x012d, 237},
    {0x012e, 238},
    {0x012f, 239},
    {0x0130, 240},
    {0x0131, 241},
    {0x0132, 242},
    {0x0133, 243},
    {0x0134, 244},
    {0x0135, 245},
    {0x0136, 246},
    {0x0137, 247},
    {0x0138, 248},
    {0x0139, 249},
    {0x013a, 250},
    {0x013b, 251},
    {0x013c, 252},
    {0x013d, 253},
    {0x013e, 254},
    {0x013f, 255},
    {0x0140, 256},
    {0x0141, 257},
    {0x0142, 258},
    {0x0143, 259},
    {0x0144, 260},
    {0x0145, 261},
    {0x0146, 262},
    {0x0147, 263},
    {0x0148, 264},
    {0x0149, 265},
    {0x014a, 266},
    {0x014b, 267},
    {0x014c, 268},
    {0x014d, 269},
    {0x014e, 270},
    {0x014f, 271},
    {0x0150, 272},
    {0x0151, 273},
    {0x0152, 274},
    {0x0153, 275},
    {0x0154, 276},
    {0x0155, 277},
    {0x0156, 278},
    {0x0157, 279},
    {0x0158, 280},
    {0x0159, 281},
    {0x015a, 282},
    {0x015b, 283},
    {0x015c, 284},
    {0x015d, 285},
    {0x015e, 286},
    {0x015f, 287},
    {0x0160, 288},
    {0x0161, 289},
    {0x0162, 290},
    {0x0163, 291},
    {0x0164, 292},
    {0x0165, 293},
    {0x0166, 294},
    {0x0167, 295},
    {0x0168, 296},
    {0x0169, 297},
    {0x016a, 298},
    {0x016b, 299},
    {0x016c, 300},
    {0x016d, 301},
    {0x016e, 302},
    {0x016f, 303},
    {0x0170, 304},
    {0x0171, 305},
    {0x0172, 306},
    {0x0173, 307},
    {0x0174, 308},
    {0x0175, 309},
    {0x0176, 310},
    {0x0177, 311},
    {0x0178, 312},
    {0x0179, 313},
    {0x017a, 314},
    {0x017b, 315},
    {0x017c, 316},
    {0x017d, 317},
    {0x017e, 318},
    {0x017f, 319},
    {0x018f, 320},
    {0x0192, 321},
    {0x01a0, 322},
    {0x01a1, 323},
    {0x01af, 324},
    {0x01b0, 325},
    {0x01b5, 326},
    {0x01b6, 327},
    {0x01d1, 328},
    {0x01d2, 329},
    {0x01e6, 330},
    {0x01e7, 331},
    {0x01fa, 332},
    {0x01fb, 333},
    {0x01fc, 334},
    {0x01fd, 335},
    {0x01fe, 336},
    {0x01ff, 337},
    {0x0218, 338},
    {0x0219, 339},
    {0x021a, 340},
    {0x021b, 341},
    {0x0259, 342},
    {0x02bb, 343},
    {0x02bc, 344},
    {0x02bd, 345},
    {0x02be, 346},
    {0x02bf, 347},
    {0x02c6, 348},
    {0x02c7, 349},
    {0x02c9, 350},
    {0x02d8, 351},
    {0x02d9, 352},
    {0x02da, 353},
    {0x02db, 354},
    {0x02dc, 355},
    {0x02dd, 356},
    {0x0300, 357},
    {0x0301, 358},
    {0x0302, 359},
    {0x0303, 360},
    {0x0304, 361},
    {0x0305, 362},
    {0x0306, 363},
    {0x0307, 364},
    {0x0308, 365},
    {0x0309, 366},
    {0x030a, 367},
    {0x030b, 368},
    {0x030c, 369},
    {0x030d, 370},
    {0x030e, 371},
    {0x030f, 372},
    {0x0310, 373},
    {0x0311, 374},
    {0x0312, 375},
    {0x0313, 376},
    {0x0314, 377},
    {0x0315, 378},
    {0x0323, 379},
    {0x0324, 380},
    {0x0331, 381},
    {0x0332, 382},
    {0x0338, 383},
    {0x0340, 384},
    {0x0341, 385},
    {0x0374, 386},
    {0x0375, 387},
    {0x037a, 388},
    {0x037e, 389},
    {0x0384, 390},
    {0x0385, 391},
    {0x0386, 392},
    {0x0387, 393},
    {0x0388, 394},
    {0x0389, 395},
    {0x038a, 396},
    {0x038c, 397},
    {0x038e, 398},
    {0x038f, 399},
    {0x0390, 400},
    {0x0391, 401},
    {0x0392, 402},
    {0x0393, 403},
    {0x0394, 404},
    {0x0395, 405},
    {0x0396, 406},
    {0x0397, 407},
    {0x0398, 408},
    {0x0399, 409},
    {0x039a, 410},
    {0x039b, 411},
    {0x039c, 412},
    {0x039d, 413},
    {0x039e, 414},
    {0x039f, 415},
    {0x03a0, 416},
    {0x03a1, 417},
    {0x03a3, 418},
    {0x03a4, 419},
    {0x03a5, 420},
    {0x03a6, 421},
    {0x03a7, 422},
    {0x03a8, 423},
    {0x03a9, 424},
    {0x03aa, 425},
    {0x03ab, 426},
    {0x03ac, 427},
    {0x03ad, 428},
    {0x03ae, 429},
    {0x03af, 430},
    {0x03b0, 431},
    {0x03b1, 432},
    {0x03b2, 433},
    {0x03b3, 434},
    {0x03b4, 435},
    {0x03b5, 436},
    {0x03b6, 437},
    {0x03b7, 438},
    {0x03b8, 439},
    {0x03b9, 440},
    {0x03ba, 441},
    {0x03bb, 442},
    {0x03bc, 443},
    {0x03bd, 444},
    {0x03be, 445},
    {0x03bf, 446},
    {0x03c0, 447},
    {0x03c1, 448},
    {0x03c2, 449},
    {0x03c3, 450},
    {0x03c4, 451},
    {0x03c5, 452},
    {0x03c6, 453},
    {0x03c7, 454},
    {0x03c8, 455},
    {0x03c9, 456},
    {0x03ca, 457},
    {0x03cb, 458},
    {0x03cc, 459},
    {0x03cd, 460},
    {0x03ce, 461},
    {0x03d1, 462},
    {0x03d2, 463},
    {0x03d3, 464},
    {0x03d4, 465},
    {0x03d5, 466},
    {0x03d6, 467},
    {0x03de, 468},
    {0x03df, 469},
    {0x03e9, 470},
    {0x03f0, 471},
    {0x03f1, 472},
    {0x03f2, 473},
    {0x03f3, 474},
    {0x03f4, 475},
    {0x03f5, 476},
    {0x0401, 477},
    {0x0402, 478},
    {0x0403, 479},
    {0x0404, 480},
    {0x0405, 481},
    {0x0406, 482},
    {0x0407, 483},
    {0x0408, 484},
    {0x0409, 485},
    {0x040a, 486},
    {0x040b, 487},
    {0x040c, 488},
    {0x040d, 489},
    {0x040e, 490},
    {0x040f, 491},
    {0x0410, 492},
    {0x0411, 493},
    {0x0412, 494},
    {0x0413, 495},
    {0x0414, 496},
    {0x0415, 497},
    {0x0416, 498},
    {0x0417, 499},
    {0x0418, 500},
    {0x0419, 501},
    {0x041a, 502},
    {0x041b, 503},
    {0x041c, 504},
    {0x041d, 505},
    {0x041e, 506},
    {0x041f, 507},
    {0x0420, 508},
    {0x0421, 509},
    {0x0422, 510},
    {0x0423, 511},
    {0x0424, 512},
    {0x0425, 513},
    {0x0426, 514},
    {0x0427, 515},
    {0x0428, 516},
    {0x0429, 517},
    {0x042a, 518},
    {0x042b, 519},
    {0x042c, 520},
    {0x042d, 521},
    {0x042e, 522},
    {0x042f, 523},
    {0x0430, 524},
    {0x0431, 525},
    {0x0432, 526},
    {0x0433, 527},
    {0x0434, 528},
    {0x0435, 529},
    {0x0436, 530},
    {0x0437, 531},
    {0x0438, 532},
    {0x0439, 533},
    {0x043a, 534},
    {0x043b, 535},
    {0x043c, 536},
    {0x043d, 537},
    {0x043e, 538},
    {0x043f, 539},
    {0x0440, 540},
    {0x0441, 541},
    {0x0442, 542},
    {0x0443, 543},
    {0x0444, 544},
    {0x0445, 545},
    {0x0446, 546},
    {0x0447, 547},
    {0x0448, 548},
    {0x0449, 549},
    {0x044a, 550},
    {0x044b, 551},
    {0x044c, 552},
    {0x044d, 553},
    {0x044e, 554},
    {0x044f, 555},
    {0x0451, 556},
    {0x0452, 557},
    {0x0453, 558},
    {0x0454, 559},
    {0x0455, 560},
    {0x0456, 561},
    {0x0457, 562},
    {0x0458, 563},
    {0x0459, 564},
    {0x045a, 565},
    {0x045b, 566},
    {0x045c, 567},
    {0x045d, 568},
    {0x045e, 569},
    {0x045f, 570},
    {0x0490, 571},
    {0x0491, 572},
    {0x0492, 573},
    {0x0493, 574},
    {0x0496, 575},
    {0x0497, 576},
    {0x049a, 577},
    {0x049b, 578},
    {0x04ae, 579},
    {0x04af, 580},
    {0x04b0, 581},
    {0x04b1, 582},
    {0x04b2, 583},
    {0x04b3, 584},
    {0x04ba, 585},
    {0x04bb, 586},
    {0x04d8, 587},
    {0x04d9, 588},
    {0x04e2, 589},
    {0x04e3, 590},
    {0x04e8, 591},
    {0x04e9, 592},
    {0x04ee, 593},
    {0x04ef, 594},
    {0x05d0, 595},
    {0x05d1, 596},
    {0x05d2, 597},
    {0x05d3, 598},
    {0x05d4, 599},
    {0x05d5, 600},
    {0x05d6, 601},
    {0x05d7, 602},
    {0x05d8, 603},
    {0x05d9, 604},
    {0x05da, 605},
    {0x05db, 606},
    {0x05dc, 607},
    {0x05dd, 608},
    {0x05de, 609},
    {0x05df, 610},
    {0x05e0, 611},
    {0x05e1, 612},
    {0x05e2, 613},
    {0x05e3, 614},
    {0x05e4, 615},
    {0x05e5, 616},
    {0x05e6, 617},
    {0x05e7, 618},
    {0x05e8, 619},
    {0x05e9, 620},
    {0x05ea, 621},
    {0x1e02, 622},
    {0x1e03, 623},
    {0x1e0a, 624},
    {0x1e0b, 625},
    {0x1e1e, 626},
    {0x1e1f, 627},
    {0x1e40, 628},
    {0x1e41, 629},
    {0x1e56, 630},
    {0x1e57, 631},
    {0x1e60, 632},
    {0x1e61, 633},
    {0x1e6a, 634},
    {0x1e6b, 635},
    {0x1e80, 636},
    {0x1e81, 637},
    {0x1e82, 638},
    {0x1e83, 639},
    {0x1e84, 640},
    {0x1e85, 641},
    {0x1ef2, 642},
    {0x1ef3, 643},
    {0x2010, 644},
    {0x2011, 645},
    {0x2012, 646},
    {0x2013, 647},
    {0x2014, 648},
    {0x2015, 649},
    {0x2016, 650},
    {0x2017, 651},
    {0x2018, 652},
    {0x2019, 653},
    {0x201a, 654},
    {0x201b, 655},
    {0x201c, 656},
    {0x201d, 657},
    {0x201e, 658},
    {0x201f, 659},
    {0x2020, 660},
    {0x2021, 661},
    {0x2022, 662},
    {0x2026, 663},
    {0x2030, 664},
    {0x2032, 665},
    {0x2033, 666},
    {0x2034, 667},
    {0x2035, 668},
    {0x2036, 669},
    {0x2039, 670},
    {0x203a, 671},
    {0x203c, 672},
    {0x203d, 673},
    {0x203e, 674},
    {0x2044, 675},
    {0x2070, 676},
    {0x2071, 677},
    {0x2074, 678},
    {0x2075, 679},
    {0x2076, 680},
    {0x2077, 681},
    {0x2078, 682},
    {0x2079, 683},
    {0x207a, 684},
    {0x207b, 685},
    {0x207c, 686},
    {0x207d, 687},
    {0x207e, 688},
    {0x207f, 689},
    {0x2080, 690},
    {0x2081, 691},
    {0x2082, 692},
    {0x2083, 693},
    {0x2084, 694},
    {0x2085, 695},
    {0x2086, 696},
    {0x2087, 697},
    {0x2088, 698},
    {0x2089, 699},
    {0x208a, 700},
    {0x208b, 701},
    {0x208c, 702},
    {0x208d, 703},
    {0x208e, 704},
    {0x20a3, 705},
    {0x20a4, 706},
    {0x20a7, 707},
    {0x20ab, 708},
    {0x20ac, 709},
    {0x20af, 710},
    {0x20d0, 711},
    {0x20d1, 712},
    {0x20d2, 713},
    {0x20d3, 714},
    {0x20d4, 715},
    {0x20d5, 716},
    {0x20d6, 717},
    {0x20d7, 718},
    {0x2102, 719},
    {0x2105, 720},
    {0x2113, 721},
    {0x2115, 722},
    {0x2116, 723},
    {0x211a, 724},
    {0x211d, 725},
    {0x2122, 726},
    {0x2124, 727},
    {0x2126, 728},
    {0x212e, 729},
    {0x215b, 730},
    {0x215c, 731},
    {0x215d, 732},
    {0x215e, 733},
    {0x2190, 734},
    {0x2191, 735},
    {0x2192, 736},
    {0x2193, 737},
    {0x2194, 738},
    {0x2195, 739},
    {0x2196, 740},
    {0x2197, 741},
    {0x2198, 742},
    {0x2199, 743},
    {0x21a4, 744},
    {0x21a5, 745},
    {0x21a6, 746},
    {0x21a7, 747},
    {0x21a8, 748},
    {0x21b0, 749},
    {0x21b1, 750},
    {0x21b2, 751},
    {0x21b3, 752},
    {0x21b4, 753},
    {0x21b5, 754},
    {0x21bc, 755},
    {0x21bd, 756},
    {0x21be, 757},
    {0x21bf, 758},
    {0x21c0, 759},
    {0x21c1, 760},
    {0x21c2, 761},
    {0x21c3, 762},
    {0x21cb, 763},
    {0x21cc, 764},
    {0x21d0, 765},
    {0x21d1, 766},
    {0x21d2, 767},
    {0x21d3, 768},
    {0x21d4, 769},
    {0x21d5, 770},
    {0x21d6, 771},
    {0x21d7, 772},
    {0x21d8, 773},
    {0x21d9, 774},
    {0x21e0, 775},
    {0x21e1, 776},
    {0x21e2, 777},
    {0x21e3, 778},
    {0x21e4, 779},
    {0x21e5, 780},
    {0x21e6, 781},
    {0x21e7, 782},
    {0x21e8, 783},
    {0x21e9, 784},
    {0x2200, 785},
    {0x2201, 786},
    {0x2202, 787},
    {0x2203, 788},
    {0x2204, 789},
    {0x2205, 790},
    {0x2206, 791},
    {0x2207, 792},
    {0x2208, 793},
    {0x2209, 794},
    {0x220b, 795},
    {0x220c, 796},
    {0x220e, 797},
    {0x220f, 798},
    {0x2210, 799},
    {0x2211, 800},
    {0x2212, 801},
    {0x2213, 802},
    {0x2214, 803},
    {0x2215, 804},
    {0x2216, 805},
    {0x2217, 806},
    {0x2218, 807},
    {0x2219, 808},
    {0x221a, 809},
    {0x221d, 810},
    {0x221e, 811},
    {0x221f, 812},
    {0x2220, 813},
    {0x2221, 814},
    {0x2222, 815},
    {0x2223, 816},
    {0x2224, 817},
    {0x2225, 818},
    {0x2226, 819},
    {0x2227, 820},
    {0x2228, 821},
    {0x2229, 822},
    {0x222a, 823},
    {0x222b, 824},
    {0x222e, 825},
    {0x2234, 826},
    {0x2235, 827},
    {0x2236, 828},
    {0x2237, 829},
    {0x2238, 830},
    {0x2239, 831},
    {0x223a, 832},
    {0x223b, 833},
    {0x223c, 834},
    {0x223d, 835},
    {0x2240, 836},
    {0x2242, 837},
    {0x2243, 838},
    {0x2245, 839},
    {0x2248, 840},
    {0x2249, 841},
    {0x224a, 842},
    {0x224b, 843},
    {0x2258, 844},
    {0x2259, 845},
    {0x225a, 846},
    {0x225f, 847},
    {0x2260, 848},
    {0x2261, 849},
    {0x2262, 850},
    {0x2263, 851},
    {0x2264, 852},
    {0x2265, 853},
    {0x226a, 854},
    {0x226b, 855},
    {0x2282, 856},
    {0x2283, 857},
    {0x2284, 858},
    {0x2285, 859},
    {0x2286, 860},
    {0x2287, 861},
    {0x2288, 862},
    {0x2289, 863},
    {0x228a, 864},
    {0x228b, 865},
    {0x2295, 866},
    {0x2296, 867},
    {0x2297, 868},
    {0x2298, 869},
    {0x2299, 870},
    {0x229e, 871},
    {0x229f, 872},
    {0x22a0, 873},
    {0x22a1, 874},
    {0x22a2, 875},
    {0x22a3, 876},
    {0x22a4, 877},
    {0x22a5, 878},
    {0x22a6, 879},
    {0x22a7, 880},
    {0x22a8, 881},
    {0x22c0, 882},
    {0x22c1, 883},
    {0x22c2, 884},
    {0x22c3, 885},
    {0x22c5, 886},
    {0x2300, 887},
    {0x2302, 888},
    {0x2308, 889},
    {0x2309, 890},
    {0x230a, 891},
    {0x230b, 892},
    {0x2310, 893},
    {0x2315, 894},
    {0x2320, 895},
    {0x2321, 896},
    {0x23ba, 897},
    {0x23bb, 898},
    {0x23bc, 899},
    {0x23bd, 900},
    {0x2409, 901},
    {0x240a, 902},
    {0x240b, 903},
    {0x240c, 904},
    {0x240d, 905},
    {0x2424, 906},
    {0x2500, 907},
    {0x2501, 908},
    {0x2502, 909},
    {0x2503, 910},
    {0x2504, 911},
    {0x2505, 912},
    {0x2506, 913},
    {0x2507, 914},
    {0x2508, 915},
    {0x2509, 916},
    {0x250a, 917},
    {0x250b, 918},
    {0x250c, 919},
    {0x250d, 920},
    {0x250e, 921},
    {0x250f, 922},
    {0x2510, 923},
    {0x2511, 924},
    {0x2512, 925},
    {0x2513, 926},
    {0x2514, 927},
    {0x2515, 928},
    {0x2516, 929},
    {0x2517, 930},
    {0x2518, 931},
    {0x2519, 932},
    {0x251a, 933},
    {0x251b, 934},
    {0x251c, 935},
    {0x251d, 936},
    {0x251e, 937},
    {0x251f, 938},
    {0x2520, 939},
    {0x2521, 940},
    {0x2522, 941},
    {0x2523, 942},
    {0x2524, 943},
    {0x2525, 944},
    {0x2526, 945},
    {0x2527, 946},
    {0x2528, 947},
    {0x2529, 948},
    {0x252a, 949},
    {0x252b, 950},
    {0x252c, 951},
    {0x252d, 952},
    {0x252e, 953},
    {0x252f, 954},
    {0x2530, 955},
    {0x2531, 956},
    {0x2532, 957},
    {0x2533, 958},
    {0x2534, 959},
    {0x2535, 960},
    {0x2536, 961},
    {0x2537, 962},
    {0x2538, 963},
    {0x2539, 964},
    {0x253a, 965},
    {0x253b, 966},
    {0x253c, 967},
    {0x253d, 968},
    {0x253e, 969},
    {0x253f, 970},
    {0x2540, 971},
    {0x2541, 972},
    {0x2542, 973},
    {0x2543, 974},
    {0x2544, 975},
    {0x2545, 976},
    {0x2546, 977},
    {0x2547, 978},
    {0x2548, 979},
    {0x2549, 980},
    {0x254a, 981},
    {0x254b, 982},
    {0x254c, 983},
    {0x254d, 984},
    {0x254e, 985},
    {0x254f, 986},
    {0x2550, 987},
    {0x2551, 988},
    {0x2552, 989},
    {0x2553, 990},
    {0x2554, 991},
    {0x2555, 992},
    {0x2556, 993},
    {0x2557, 994},
    {0x2558, 995},
    {0x2559, 996},
    {0x255a, 997},
    {0x255b, 998},
    {0x255c, 999},
    {0x255d, 1000},
    {0x255e, 1001},
    {0x255f, 1002},
    {0x2560, 1003},
    {0x2561, 1004},
    {0x2562, 1005},
    {0x2563, 1006},
    {0x2564, 1007},
    {0x2565, 1008},
    {0x2566, 1009},
    {0x2567, 1010},
    {0x2568, 1011},
    {0x2569, 1012},
    {0x256a, 1013},
    {0x256b, 1014},
    {0x256c, 1015},
    {0x256d, 1016},
    {0x256e, 1017},
    {0x256f, 1018},
    {0x2570, 1019},
    {0x2571, 1020},
    {0x2572, 1021},
    {0x2573, 1022},
    {0x2574, 1023},
    {0x2575, 1024},
    {0x2576, 1025},
    {0x2577, 1026},
    {0x2578, 1027},
    {0x2579, 1028},
    {0x257a, 1029},
    {0x257b, 1030},
    {0x257c, 1031},
    {0x257d, 1032},
    {0x257e, 1033},
    {0x257f, 1034},
    {0x2580, 1035},
    {0x2581, 1036},
    {0x2582, 1037},
    {0x2583, 1038},
    {0x2584, 1039},
    {0x2585, 1040},
    {0x2586, 1041},
    {0x2587, 1042},
    {0x2588, 1043},
    {0x2589, 1044},
    {0x258a, 1045},
    {0x258b, 1046},
    {0x258c, 1047},
    {0x258d, 1048},
    {0x258e, 1049},
    {0x258f, 1050},
    {0x2590, 1051},
    {0x2591, 1052},
    {0x2592, 1053},
    {0x2593, 1054},
    {0x2594, 1055},
    {0x2595, 1056},
    {0x2596, 1057},
    {0x2597, 1058},
    {0x2598, 1059},
    {0x2599, 1060},
    {0x259a, 1061},
    {0x259b, 1062},
    {0x259c, 1063},
    {0x259d, 1064},
    {0x259e, 1065},
    {0x259f, 1066},
    {0x25a0, 1067},
    {0x25a1, 1068},
    {0x25a2, 1069},
    {0x25a7, 1070},
    {0x25a8, 1071},
    {0x25aa, 1072},
    {0x25ab, 1073},
    {0x25ac, 1074},
    {0x25ad, 1075},
    {0x25ae, 1076},
    {0x25af, 1077},
    {0x25b0, 1078},
    {0x25b1, 1079},
    {0x25b2, 1080},
    {0x25b3, 1081},
    {0x25b4, 1082},
    {0x25b5, 1083},
    {0x25b6, 1084},
    {0x25b7, 1085},
    {0x25b8, 1086},
    {0x25b9, 1087},
    {0x25ba, 1088},
    {0x25bb, 1089},
    {0x25bc, 1090},
    {0x25bd, 1091},
    {0x25be, 1092},
    {0x25bf, 1093},
    {0x25c0, 1094},
    {0x25c1, 1095},
    {0x25c2, 1096},
    {0x25c3, 1097},
    {0x25c4, 1098},
    {0x25c5, 1099},
    {0x25c6, 1100},
    {0x25c7, 1101},
    {0x25ca, 1102},
    {0x25cb, 1103},
    {0x25cc, 1104},
    {0x25cd, 1105},
    {0x25ce, 1106},
    {0x25cf, 1107},
    {0x25d0, 1108},
    {0x25d1, 1109},
    {0x25d2, 1110},
    {0x25d3, 1111},
    {0x25d4, 1112},
    {0x25d5, 1113},
    {0x25d8, 1114},
    {0x25d9, 1115},
    {0x25da, 1116},
    {0x25db, 1117},
    {0x25e2, 1118},
    {0x25e3, 1119},
    {0x25e4, 1120},
    {0x25e5, 1121},
    {0x25e6, 1122},
    {0x25e7, 1123},
    {0x25e8, 1124},
    {0x25e9, 1125},
    {0x25ea, 1126},
    {0x2625, 1127},
    {0x2626, 1128},
    {0x2627, 1129},
    {0x2628, 1130},
    {0x2629, 1131},
    {0x2630, 1132},
    {0x2631, 1133},
    {0x2632, 1134},
    {0x2633, 1135},
    {0x2634, 1136},
    {0x2635, 1137},
    {0x2636, 1138},
    {0x2637, 1139},
    {0x2638, 1140},
    {0x263a, 1141},
    {0x263b, 1142},
    {0x263c, 1143},
    {0x263d, 1144},
    {0x263e, 1145},
    {0x2640, 1146},
    {0x2641, 1147},
    {0x2642, 1148},
    {0x2660, 1149},
    {0x2661, 1150},
    {0x2662, 1151},
    {0x2663, 1152},
    {0x2664, 1153},
    {0x2665, 1154},
    {0x2666, 1155},
    {0x2667, 1156},
    {0x2669, 1157},
    {0x266a, 1158},
    {0x266b, 1159},
    {0x266c, 1160},
    {0x266d, 1161},
    {0x266e, 1162},
    {0x266f, 1163},
    {0x27e8, 1164},
    {0x27e9, 1165},
    {0x2800, 1166},
    {0x2801, 1167},
    {0x2802, 1168},
    {0x2803, 1169},
    {0x2804, 1170},
    {0x2805, 1171},
    {0x2806, 1172},
    {0x2807, 1173},
    {0x2808, 1174},
    {0x2809, 1175},
    {0x280a, 1176},
    {0x280b, 1177},
    {0x280c, 1178},
    {0x280d, 1179},
    {0x280e, 1180},
    {0x280f, 1181},
    {0x2810, 1182},
    {0x2811, 1183},
    {0x2812, 1184},
    {0x2813, 1185},
    {0x2814, 1186},
    {0x2815, 1187},
    {0x2816, 1188},
    {0x2817, 1189},
    {0x2818, 1190},
    {0x2819, 1191},
    {0x281a, 1192},
    {0x281b, 1193},
    {0x281c, 1194},
    {0x281d, 1195},
    {0x281e, 1196},
    {0x281f, 1197},
    {0x2820, 1198},
    {0x2821, 1199},
    {0x2822, 1200},
    {0x2823, 1201},
    {0x2824, 1202},
    {0x2825, 1203},
    {0x2826, 1204},
    {0x2827, 1205},
    {0x2828, 1206},
    {0x2829, 1207},
    {0x282a, 1208},
    {0x282b, 1209},
    {0x282c, 1210},
    {0x282d, 1211},
    {0x282e, 1212},
    {0x282f, 1213},
    {0x2830, 1214},
    {0x2831, 1215},
    {0x2832, 1216},
    {0x2833, 1217},
    {0x2834, 1218},
    {0x2835, 1219},
    {0x2836, 1220},
    {0x2837, 1221},
    {0x2838, 1222},
    {0x2839, 1223},
    {0x283a, 1224},
    {0x283b, 1225},
    {0x283c, 1226},
    {0x283d, 1227},
    {0x283e, 1228},
    {0x283f, 1229},
    {0x2840, 1230},
    {0x2841, 1231},
    {0x2842, 1232},
    {0x2843, 1233},
    {0x2844, 1234},
    {0x2845, 1235},
    {0x2846, 1236},
    {0x2847, 1237},
    {0x2848, 1238},
    {0x2849, 1239},
    {0x284a, 1240},
    {0x284b, 1241},
    {0x284c, 1242},
    {0x284d, 1243},
    {0x284e, 1244},
    {0x284f, 1245},
    {0x2850, 1246},
    {0x2851, 1247},
    {0x2852, 1248},
    {0x2853, 1249},
    {0x2854, 1250},
    {0x2855, 1251},
    {0x2856, 1252},
    {0x2857, 1253},
    {0x2858, 1254},
    {0x2859, 1255},
    {0x285a, 1256},
    {0x285b, 1257},
    {0x285c, 1258},
    {0x285d, 1259},
    {0x285e, 1260},
    {0x285f, 1261},
    {0x2860, 1262},
    {0x2861, 1263},
    {0x2862, 1264},
    {0x2863, 1265},
    {0x2864, 1266},
    {0x2865, 1267},
    {0x2866, 1268},
    {0x2867, 1269},
    {0x2868, 1270},
    {0x2869, 1271},
    {0x286a, 1272},
    {0x286b, 1273},
    {0x286c, 1274},
    {0x286d, 1275},
    {0x286e, 1276},
    {0x286f, 1277},
    {0x2870, 1278},
    {0x2871, 1279},
    {0x2872, 1280},
    {0x2873, 1281},
    {0x2874, 1282},
    {0x2875, 1283},
    {0x2876, 1284},
    {0x2877, 1285},
    {0x2878, 1286},
    {0x2879, 1287},
    {0x287a, 1288},
    {0x287b, 1289},
    {0x287c, 1290},
    {0x287d, 1291},
    {0x287e, 1292},
    {0x287f, 1293},
    {0x2880, 1294},
    {0x2881, 1295},
    {0x2882, 1296},
    {0x2883, 1297},
    {0x2884, 1298},
    {0x2885, 1299},
    {0x2886, 1300},
    {0x2887, 1301},
    {0x2888, 1302},
    {0x2889, 1303},
    {0x288a, 1304},
    {0x288b, 1305},
    {0x288c, 1306},
    {0x288d, 1307},
    {0x288e, 1308},
    {0x288f, 1309},
    {0x2890, 1310},
    {0x2891, 1311},
    {0x2892, 1312},
    {0x2893, 1313},
    {0x2894, 1314},
    {0x2895, 1315},
    {0x2896, 1316},
    {0x2897, 1317},
    {0x2898, 1318},
    {0x2899, 1319},
    {0x289a, 1320},
    {0x289b, 1321},
    {0x289c, 1322},
    {0x289d, 1323},
    {0x289e, 1324},
    {0x289f, 1325},
    {0x28a0, 1326},
    {0x28a1, 1327},
    {0x28a2, 1328},
    {0x28a3, 1329},
    {0x28a4, 1330},
    {0x28a5, 1331},
    {0x28a6, 1332},
    {0x28a7, 1333},
    {0x28a8, 1334},
    {0x28a9, 1335},
    {0x28aa, 1336},
    {0x28ab, 1337},
    {0x28ac, 1338},
    {0x28ad, 1339},
    {0x28ae, 1340},
    {0x28af, 1341},
    {0x28b0, 1342},
    {0x28b1, 1343},
    {0x28b2, 1344},
    {0x28b3, 1345},
    {0x28b4, 1346},
    {0x28b5, 1347},
    {0x28b6, 1348},
    {0x28b7, 1349},
    {0x28b8, 1350},
    {0x28b9, 1351},
    {0x28ba, 1352},
    {0x28bb, 1353},
    {0x28bc, 1354},
    {0x28bd, 1355},
    {0x28be, 1356},
    {0x28bf, 1357},
    {0x28c0, 1358},
    {0x28c1, 1359},
    {0x28c2, 1360},
    {0x28c3, 1361},
    {0x28c4, 1362},
    {0x28c5, 1363},
    {0x28c6, 1364},
    {0x28c7, 1365},
    {0x28c8, 1366},
    {0x28c9, 1367},
    {0x28ca, 1368},
    {0x28cb, 1369},
    {0x28cc, 1370},
    {0x28cd, 1371},
    {0x28ce, 1372},
    {0x28cf, 1373},
    {0x28d0, 1374},
    {0x28d1, 1375},
    {0x28d2, 1376},
    {0x28d3, 1377},
    {0x28d4, 1378},
    {0x28d5, 1379},
    {0x28d6, 1380},
    {0x28d7, 1381},
    {0x28d8, 1382},
    {0x28d9, 1383},
    {0x28da, 1384},
    {0x28db, 1385},
    {0x28dc, 1386},
    {0x28dd, 1387},
    {0x28de, 1388},
    {0x28df, 1389},
    {0x28e0, 1390},
    {0x28e1, 1391},
    {0x28e2, 1392},
    {0x28e3, 1393},
    {0x28e4, 1394},
    {0x28e5, 1395},
    {0x28e6, 1396},
    {0x28e7, 1397},
    {0x28e8, 1398},
    {0x28e9, 1399},
    {0x28ea, 1400},
    {0x28eb, 1401},
    {0x28ec, 1402},
    {0x28ed, 1403},
    {0x28ee, 1404},
    {0x28ef, 1405},
    {0x28f0, 1406},
    {0x28f1, 1407},
    {0x28f2, 1408},
    {0x28f3, 1409},
    {0x28f4, 1410},
    {0x28f5, 1411},
    {0x28f6, 1412},
    {0x28f7, 1413},
    {0x28f8, 1414},
    {0x28f9, 1415},
    {0x28fa, 1416},
    {0x28fb, 1417},
    {0x28fc, 1418},
    {0x28fd, 1419},
    {0x28fe, 1420},
    {0x28ff, 1421},
    {0xfb00, 1422},
    {0xfb01, 1423},
    {0xfb02, 1424},
    {0xfffd, 1425},
};

static const u8 Font5x8_Widths[] = {
    5, 5, 5, 5, 5, 5, 5, 5, 5, 5, 5, 5,
    5, 5, 5, 5, 5, 5, 5, 5, 5, 5, 5, 5,
    5, 5, 5, 5, 5, 5, 5, 5, 5, 5, 5, 5,
    5, 5, 5, 5, 5, 5, 5, 5, 5, 5, 5, 5,
    5, 5, 5, 5, 5, 5, 5, 5, 5, 5, 5, 5,
    5, 5, 5, 5, 5, 5, 5, 5, 5, 5, 5, 5,
    5, 5, 5, 5, 5, 5, 5, 5, 5, 5, 5, 5,
    5, 5, 5, 5, 5, 5, 5, 5, 5, 5, 5, 5,
    5, 5, 5, 5, 5, 5, 5, 5, 5, 5, 5, 5,
    5, 5, 5, 5, 5, 5, 5, 5, 5, 5, 5, 5,
    5, 5, 5, 5, 5, 5, 5, 5, 5, 5, 5, 5,
    5, 5, 5, 5, 5, 5, 5, 5, 5, 5, 5, 5,
    5, 5, 5, 5, 5, 5, 5, 5, 5, 5, 5, 5,
    5, 5, 5, 5, 5, 5, 5, 5, 5, 5, 5, 5,
    5, 5, 5, 5, 5, 5, 5, 5, 5, 5, 5, 5,
    5, 5, 5, 5, 5, 5, 5, 5, 5, 5, 5, 5,
    5, 5, 5, 5, 5, 5, 5, 5, 5, 5, 5, 5,
    5, 5, 5, 5, 5, 5, 5, 5, 5, 5, 5, 5,
    5, 5, 5, 5, 5, 5, 5, 5, 5, 5, 5, 5,
    5, 5, 5, 5, 5, 5, 5, 5, 5, 5, 5, 5,
    5, 5, 5, 5, 5, 5, 5, 5, 5, 5, 5, 5,
    5, 5, 5, 5, 5, 5, 5, 5, 5, 5, 5, 5,
    5, 5, 5, 5, 5, 5, 5, 5, 5, 5, 5, 5,
    5, 5, 5, 5, 5, 5, 5, 5, 5, 5, 5, 5,
    5, 5, 5, 5, 5, 5, 5, 5, 5, 5, 5, 5,
    5, 5, 5, 5, 5, 5, 5, 5, 5, 5, 5, 5,
    5, 5, 5, 5, 5, 5, 5, 5, 5, 5, 5, 5,
    5, 5, 5, 5, 5, 5, 5, 5, 5, 5, 5, 5,
    5, 5, 5, 5, 5, 5, 5, 5, 5, 5, 5, 5,
    5, 5, 5, 5, 5, 5, 5, 5, 5, 5, 5, 5,
    5, 5, 5, 5, 5, 5, 5, 5, 5, 5, 5, 5,
    5, 5, 5, 5, 5, 5, 5, 5, 5, 5, 5, 5,
    5, 5, 5, 5, 5, 5, 5, 5, 5, 5, 5, 5,
    5, 5, 5, 5, 5, 5, 5, 5, 5, 5, 5, 5,
    5, 5, 5, 5, 5, 5, 5, 5, 5, 5, 5, 5,
    5, 5, 5, 5, 5, 5, 5, 5, 5, 5, 5, 5,
    5, 5, 5, 5, 5, 5, 5, 5, 5, 5, 5, 5,
    5, 5, 5, 5, 5, 5, 5, 5, 5, 5, 5, 5,
    5, 5, 5, 5, 5, 5, 5, 5, 5, 5, 5, 5,
    5, 5, 5, 5, 5, 5, 5, 5, 5, 5, 5, 5,
    5, 5, 5, 5, 5, 5, 5, 5, 5, 5, 5, 5,
    5, 5, 5, 5, 5, 5, 5, 5, 5, 5, 5, 5,
    5, 5, 5, 5, 5, 5, 5, 5, 5, 5, 5, 5,
    5, 5, 5, 5, 5, 5, 5, 5, 5, 5, 5, 5,
    5, 5, 5, 5, 5, 5, 5, 5, 5, 5, 5, 5,
    5, 5, 5, 5, 5, 5, 5, 5, 5, 5, 5, 5,
    5, 5, 5, 5, 5, 5, 5, 5, 5, 5, 5, 5,
    5, 5, 5, 5, 5, 5, 5, 5, 5, 5, 5, 5,
    5, 5, 5, 5, 5, 5, 5, 5, 5, 5, 5, 5,
    5, 5, 5, 5, 5, 5, 5, 5, 5, 5, 5, 5,
    5, 5, 5, 5, 5, 5, 5, 5, 5, 5, 5, 5,
    5, 5, 5, 5, 5, 5, 5, 5, 5, 5, 5, 5,
    5, 5, 5, 5, 5, 5, 5, 5, 5, 5, 5, 5,
    5, 5, 5, 5, 5, 5, 5, 5, 5, 5, 5, 5,
    5, 5, 5, 5, 5, 5, 5, 5, 5, 5, 5, 5,
    5, 5, 5, 5, 5, 5, 5, 5, 5, 5, 5, 5,
    5, 5, 5, 5, 5, 5, 5, 5, 5, 5, 5, 5,
    5, 5, 5, 5, 5, 5, 5, 5, 5, 5, 5, 5,
    5, 5, 5, 5, 5, 5, 5, 5, 5, 5, 5, 5,
    5, 5, 5, 5, 5, 5, 5, 5, 5, 5, 5, 5,
    5, 5, 5, 5, 5, 5, 5, 5, 5, 5, 5, 5,
    5, 5, 5, 5, 5, 5, 5, 5, 5, 5, 5, 5,
    5, 5, 5, 5, 5, 5, 5, 5, 5, 5, 5, 5,
    5, 5, 5, 5, 5, 5, 5, 5, 5, 5, 5, 5,
    5, 5, 5, 5, 5, 5, 5, 5, 5, 5, 5, 5,
    5, 5, 5, 5, 5, 5, 5, 5, 5, 5, 5, 5,
    5, 5, 5, 5, 5, 5, 5, 5, 5, 5, 5, 5,
    5, 5, 5, 5, 5, 5, 5, 5, 5, 5, 5, 5,
    5, 5, 5, 5, 5, 5, 5, 5, 5, 5, 5, 5,
    5, 5, 5, 5, 5, 5, 5, 5, 5, 5, 5, 5,
    5, 5, 5, 5, 5, 5, 5, 5, 5, 5, 5, 5,
    5, 5, 5, 5, 5, 5, 5, 5, 5, 5, 5, 5,
    5, 5, 5, 5, 5, 5, 5, 5, 5, 5, 5, 5,
    5, 5, 5, 5, 5, 5, 5, 5, 5, 5, 5, 5,
    5, 5, 5, 5, 5, 5, 5, 5, 5, 5, 5, 5,
    5, 5, 5, 5, 5, 5, 5, 5, 5, 5, 5, 5,
    5, 5, 5, 5, 5, 5, 5, 5, 5, 5, 5, 5,
    5, 5, 5, 5, 5, 5, 5, 5, 5, 5, 5, 5,
    5, 5, 5, 5, 5, 5, 5, 5, 5, 5, 5, 5,
    5, 5, 5, 5, 5, 5, 5, 5, 5, 5, 5, 5,
    5, 5, 5, 5, 5, 5, 5, 5, 5, 5, 5, 5,
    5, 5, 5, 5, 5, 5, 5, 5, 5, 5, 5, 5,
    5, 5, 5, 5, 5, 5, 5, 5, 5, 5, 5, 5,
    5, 5, 5, 5, 5, 5, 5, 5, 5, 5, 5, 5,
    5, 5, 5, 5, 5, 5, 5, 5, 5, 5, 5, 5,
    5, 5, 5, 5, 5, 5, 5, 5, 5, 5, 5, 5,
    5, 5, 5, 5, 5, 5, 5, 5, 5, 5, 5, 5,
    5, 5, 5, 5, 5, 5, 5, 5, 5, 5, 5, 5,
    5, 5, 5, 5, 5, 5, 5, 5, 5, 5, 5, 5,
    5, 5, 5, 5, 5, 5, 5, 5, 5, 5, 5, 5,
    5, 5, 5, 5, 5, 5, 5, 5, 5, 5, 5, 5,
    5, 5, 5, 5, 5, 5, 5, 5, 5, 5, 5, 5,
    5, 5, 5, 5, 5, 5, 5, 5, 5, 5, 5, 5,
    5, 5, 5, 5, 5, 5, 5, 5, 5, 5, 5, 5,
    5, 5, 5, 5, 5, 5, 5, 5, 5, 5, 5, 5,
    5, 5, 5, 5, 5, 5, 5, 5, 5, 5, 5, 5,
    5, 5, 5, 5, 5, 5, 5, 5, 5, 5, 5, 5,
    5, 5, 5, 5, 5, 5, 5, 5, 5, 5, 5, 5,
    5, 5, 5, 5, 5, 5, 5, 5, 5, 5, 5, 5,
    5, 5, 5, 5, 5, 5, 5, 5, 5, 5, 5, 5,
    5, 5, 5, 5, 5, 5, 5, 5, 5, 5, 5, 5,
    5, 5, 5, 5, 5, 5, 5, 5, 5, 5, 5, 5,
    5, 5, 5, 5, 5, 5, 5, 5, 5, 5, 5, 5,
    5, 5, 5, 5, 5, 5, 5, 5, 5, 5, 5, 5,
    5, 5, 5, 5, 5, 5, 5, 5, 5, 5, 5, 5,
    5, 5, 5, 5, 5, 5, 5, 5, 5, 5, 5, 5,
    5, 5, 5, 5, 5, 5, 5, 5, 5, 5, 5, 5,
    5, 5, 5, 5, 5, 5, 5, 5, 5, 5, 5, 5,
    5, 5, 5, 5, 5, 5, 5, 5, 5, 5, 5, 5,
    5, 5, 5, 5, 5, 5, 5, 5, 5, 5, 5, 5,
    5, 5, 5, 5, 5, 5, 5, 5, 5, 5, 5, 5,
    5, 5, 5, 5, 5, 5, 5, 5, 5, 5, 5, 5,
    5, 5, 5, 5, 5, 5, 5, 5, 5, 5, 5, 5,
    5, 5, 5, 5, 5, 5, 5, 5, 5, 5, 5, 5,
    5, 5, 5, 5, 5, 5, 5, 5, 5, 5, 5, 5,
    5, 5, 5, 5, 5, 5, 5, 5, 5, 5, 5, 5,
    5, 5, 5, 5, 5, 5, 5, 5, 5, 5, 5, 5,
    5, 5, 5, 5, 5, 5, 5, 5, 5, 5, 5, 5,
    5, 5, 5, 5, 5, 5, 5, 5, 5, 5,
};

const Font Font5x8 = {
    "X11 5x8",
    5, 8,
    7, 1,
    1426, 1425,
    FONT_MONOSPACE,
    Font5x8_Glyphs, Font5x8_Map, Font5x8_Widths
};
